Title,Source,Content,Result
ارتباط با ما👇
@havaaye
رزرو آگهی و تبلیغات👇
@khz_34",🎥 تصاویری از طغیان رودخانه شهر مسجدسلیمان #اطلاع_رسانی_کنید ✅ اخبار  تعطیلی مدارس و‌ادارات و دانشگاه های خوزستان را دنبال کنید👇 https://t.me/khozkhabar https://t.me/khozkhabar,"
1. موضوع: امدادی
2. اولویت: High
3. اقدام: اطلاع‌رسانی درباره تعطیلی مدارس و ادارات خوزستان به دلیل طغیان رودخانه ضروری است.
4. محله: نامشخص"
[Video] 🎥آبگرفتگی معابر ایذه#اطلاع_رسانی_کنید ✅ اخبار  تعطیلی مدارس و‌ادارات و دانشگاه های خ [...],"شبکه خبری خوزستان

ارتباط با ما👇
@havaaye
رزرو آگهی و تبلیغات👇
@khz_34",🎥آبگرفتگی معابر ایذه #اطلاع_رسانی_کنید ✅ اخبار  تعطیلی مدارس و‌ادارات و دانشگاه های خوزستان را دنبال کنید👇 https://t.me/khozkhabar https://t.me/khozkhabar,"1. موضوع: امدادی
2. اولویت: High
3. اقدام: اطلاع‌رسانی درباره تعطیلی مدارس و ادارات خوزستان به دلیل آبگرفتگی معابر.
4. محله: نامشخص
"
[Photo] ‌🔥محور مسجدسلیمان گلگیر مسدود و آنتن موبایل قطع شدشهردار شهر گلگی:🔹 محور مواصلاتی مس [...],"شبکه خبری خوزستان

ارتباط با ما👇
@havaaye
رزرو آگهی و تبلیغات👇
@khz_34",‌ 🔥محور مسجدسلیمان گلگیر مسدود و آنتن موبایل قطع شد شهردار شهر گلگی: 🔹 محور مواصلاتی مسجدسلیمان-گلگیر به دلیل ریزش شدید سنگ، آبگرفتگی و قطع کامل خطوط آنتن موبایل مسدود شد. دو پل ورودی شهر دچار نشست سنگین شده و تلاش‌ها برای بازگشایی مسیر ادامه دارد. #اطلاع_رسانی_کنید ✅ اخبار  تعطیلی مدارس و‌ادارات و دانشگاه های خوزستان را دنبال کنید👇 https://t.me/khozkhabar https://t.me/khozkhabar,"1. موضوع: زیرساخت
2. اولویت: High
3. اقدام: بررسی و ترمیم پل‌های ورودی شهر و بازگشایی محور مسدود شده ضروری است.
4. محله: نامشخص
"
[Video] 🎥 پیشرفته‌ترین ماهواره‌های تصویربرداری ایرانی به فضا پرتاب شدند🔹️لحظاتی پیش ۳ ماهوار [...],"شبکه خبری خوزستان

ارتباط با ما👇
@havaaye
رزرو آگهی و تبلیغات👇
@khz_34",🎥 پیشرفته‌ترین ماهواره‌های تصویربرداری ایرانی به فضا پرتاب شدند 🔹️لحظاتی پیش ۳ ماهوارۀ ایرانی شامل «ظفر۲»، «پایا» و نمونۀ دوم «کوثر» توسط پرتابگر روسی سایوز به مدار نزدیک زمین (لئو) پرتاب شدند. 🔹️این ۳ ماهواره از نوع سنجشی هستند و برای تصویربرداری و ارسال داده‌ها به کار می‌روند. #اطلاع_رسانی_کنید ✅ اخبار  تعطیلی مدارس و‌ادارات و دانشگاه های خوزستان را دنبال کنید👇 https://t.me/khozkhabar https://t.me/khozkhabar,"1. موضوع: متفرقه
2. اولویت: Low
3. اقدام: اطلاع‌رسانی درباره پرتاب ماهواره‌های تصویربرداری ایرانی انجام شد.
4. محله: نامشخص
"
,"شبکه خبری خوزستان

ارتباط با ما👇
@havaaye
رزرو آگهی و تبلیغات👇
@khz_34",⛈ شروع بارش باران در اهواز,"
1. موضوع: محیط زیست
2. اولویت: Low
3. اقدام: اطلاع‌رسانی به شهروندان برای آمادگی در برابر بارش باران.
4. محله: نامشخص
"
[Video] 🎥 قلعه‌تل | جاری شدن سیل در برخی از خیابان‌ها و فعال شدن رودخانه‌های فصلی#اطلاع_رسانی [...],"شبکه خبری خوزستان

ارتباط با ما👇
@havaaye
رزرو آگهی و تبلیغات👇
@khz_34",🎥 قلعه‌تل | جاری شدن سیل در برخی از خیابان‌ها و فعال شدن رودخانه‌های فصلی #اطلاع_رسانی_کنید ✅ اخبار  تعطیلی مدارس و‌ادارات و دانشگاه های خوزستان را دنبال کنید👇 https://t.me/khozkhabar https://t.me/khozkhabar,"
1. موضوع: امدادی
2. اولویت: High
3. اقدام: به شهروندان توصیه می‌شود از تردد در مناطق سیل‌زده خودداری کنند.
4. محله: قلعه‌تل"
[Photo] ⚡️#عکس | رویایی و بی‌نظیر از اصابت صاعقه‌های همزمان امروز در چند نقطه‌ مسجدسلیمان#اطل [...],"شبکه خبری خوزستان

ارتباط با ما👇
@havaaye
رزرو آگهی و تبلیغات👇
@khz_34",⚡️#عکس | رویایی و بی‌نظیر از اصابت صاعقه‌های همزمان امروز در چند نقطه‌ مسجدسلیمان #اطلاع_رسانی_کنید ✅ اخبار  تعطیلی مدارس و‌ادارات و دانشگاه های خوزستان را دنبال کنید👇 https://t.me/khozkhabar https://t.me/khozkhabar,"1. موضوع: امدادی
2. اولویت: Medium
3. اقدام: اطلاع‌رسانی درباره تعطیلی مدارس و ادارات خوزستان در پی وقوع صاعقه.
4. محله: نامشخص
"
[Photo] #اطلاعیه ♦️قابل توجه کارکنان شرکت‌های فولاد مستقر در خوزستان🔥تمامی کارکنان شرکت‌های ف [...],"شبکه خبری خوزستان

ارتباط با ما👇
@havaaye
رزرو آگهی و تبلیغات👇
@khz_34",#اطلاعیه ♦️قابل توجه کارکنان شرکت‌های فولاد مستقر در خوزستان 🔥تمامی کارکنان شرکت‌های فولاد مستقر در استان خوزستان در مورخ سه‌شنبه ۹ دیماه تعطیل شدند. #اطلاع_رسانی_کنید ✅ اخبار  تعطیلی مدارس و‌ادارات و دانشگاه های خوزستان را دنبال کنید👇 https://t.me/khozkhabar https://t.me/khozkhabar,"1. موضوع: امدادی
2. اولویت: High
3. اقدام: تعطیلی کارکنان شرکت‌های فولاد در خوزستان به دلیل شرایط اضطراری اعلام شد.
4. محله: نامشخص
"
[Video] 🎥 هفتکل | جاری شدن سیل در برخی از روستاهای بخش رغیوه⚠️سیلاب راه ارتباطی به برخی از رو [...],"شبکه خبری خوزستان

ارتباط با ما👇
@havaaye
رزرو آگهی و تبلیغات👇
@khz_34",🎥 هفتکل | جاری شدن سیل در برخی از روستاهای بخش رغیوه ⚠️سیلاب راه ارتباطی به برخی از روستاها را بسته است. #اطلاع_رسانی_کنید ✅ اخبار  تعطیلی مدارس و‌ادارات و دانشگاه های خوزستان را دنبال کنید👇 https://t.me/khozkhabar https://t.me/khozkhabar,"
1. موضوع: امدادی
2. اولویت: High
3. اقدام: بررسی و رفع انسداد راه های ارتباطی روستاهای سیل زده در بخش رغیوه ضروری است.
4. محله: نامشخص"
#اطلاعیه_فوری 🔥مدارس نوبت صبح و عصر فردا دوشنبه در ایذه غیرحضوری شد ترکی‌زاده، فرماندار ایذه: [...],"شبکه خبری خوزستان

ارتباط با ما👇
@havaaye
رزرو آگهی و تبلیغات👇
@khz_34",#اطلاعیه_فوری 🔥مدارس نوبت صبح و عصر فردا دوشنبه در ایذه غیرحضوری شد ترکی‌زاده، فرماندار ایذه: 🔹به منظور پاکسازی گل‌ولای ناشی از سیلاب امروز در معابر و مدارس شهرستان، مدارس نوبت صبح و عصر فردا در شهرستان ایذه در تمام مقاطع تعطیل خواهند بود. #اطلاع_رسانی_کنید ✅ اخبار  تعطیلی مدارس و‌ادارات و دانشگاه های خوزستان را دنبال کنید👇 https://t.me/khozkhabar https://t.me/khozkhabar,"1. موضوع: امدادی
2. اولویت: High
3. اقدام: مدارس ایذه فردا به دلیل سیلاب و لجن‌زدایی غیرحضوری خواهند بود.
4. محله: نامشخص
"
#اطلاعیه_فوری 🔥فردا؛ کلیه مدارس مسجدسلیمان تعطیل شد🔹به علت بارش شدید باران ، مدارس شهرستان م [...],"شبکه خبری خوزستان

ارتباط با ما👇
@havaaye
رزرو آگهی و تبلیغات👇
@khz_34",#اطلاعیه_فوری 🔥فردا؛ کلیه مدارس مسجدسلیمان تعطیل شد 🔹به علت بارش شدید باران ، مدارس شهرستان مسجدسلیمان فردا هشتم دی تعطیل  شد. #اطلاع_رسانی_کنید ✅ اخبار  تعطیلی مدارس و‌ادارات و دانشگاه های خوزستان را دنبال کنید👇 https://t.me/khozkhabar https://t.me/khozkhabar,"
1. موضوع: امدادی
2. اولویت: High
3. اقدام: تعطیلی مدارس به دلیل بارش شدید باران در مسجدسلیمان اعلام شد.
4. محله: نامشخص"
[Photo] #اطلاعیه 🔥پل مالکریم مسجدسلیمان تا اطلاع ثانوی بسته شد🔹️ پل مالکریم مسجدسلیمان به‌دل [...],"شبکه خبری خوزستان

ارتباط با ما👇
@havaaye
رزرو آگهی و تبلیغات👇
@khz_34",#اطلاعیه 🔥پل مالکریم مسجدسلیمان تا اطلاع ثانوی بسته شد 🔹️ پل مالکریم مسجدسلیمان به‌دلیل اجرای عملیات تعمیرات و بهسازی به‌صورت کامل و دوطرفه مسدود شد. #اطلاع_رسانی_کنید ✅ اخبار  تعطیلی مدارس و‌ادارات و دانشگاه های خوزستان را دنبال کنید👇 https://t.me/khozkhabar https://t.me/khozkhabar,"
1. موضوع: زیرساخت
2. اولویت: High
3. اقدام: پل مالکریم مسجدسلیمان به دلیل تعمیرات تا اطلاع ثانوی مسدود شده است.
4. محله: نامشخص"
#اطلاعیه_فوری ♦️قابل توجه رانندگان🔥مسدود شدن محورهای باغملک - ایذه - دزپارت و ملاثانی - گاوسو [...],"شبکه خبری خوزستان

ارتباط با ما👇
@havaaye
رزرو آگهی و تبلیغات👇
@khz_34",#اطلاعیه_فوری ♦️قابل توجه رانندگان 🔥مسدود شدن محورهای باغملک - ایذه - دزپارت و ملاثانی - گاوسوار تا اطلاع ثانوی مرکز مدیریت راه‌های اداره‌کل راهداری و حمل‌ و نقل جاده‌ای خوزستان: 🔹با توجه به بارش شدید باران در محورهای مواصلاتی استان و طغیان رودخانه‌های فصلی، محورهای باغملک - ایذه - دزپارت و ملاثانی - گاوسوار تا اطلاع ثانوی مسدود هستند. #اطلاع_رسانی_کنید ✅ اخبار  تعطیلی مدارس و‌ادارات و دانشگاه های خوزستان را دنبال کنید👇 https://t.me/khozkhabar https://t.me/khozkhabar,"1. موضوع: شهری
2. اولویت: High
3. اقدام: رانندگان از تردد در محورهای مسدود شده خودداری کنند.
4. محله: ملاثانی"
#صدای_مردم باسلام؛ علیرغم اعلام عزای عمومی و تعطیلی سراسری توسط استانداری، دانشگاه شهید چمران  [...],"شبکه خبری خوزستان

ارتباط با ما👇
@havaaye
رزرو آگهی و تبلیغات👇
@khz_34",#صدای_مردم باسلام؛ علیرغم اعلام عزای عمومی و تعطیلی سراسری توسط استانداری، دانشگاه شهید چمران اهواز امتحانات ما دانشجویان رو لغو نکرده و امتحانات برقراره ، همچنین حضور برخی پرسنل هم در این روز اجباری شده. خواهش میکنم صدای ما باشید و پیگیری کنید #اطلاع_رسانی_کنید ✅ اخبار  تعطیلی مدارس و‌ادارات و دانشگاه های خوزستان را دنبال کنید👇 https://t.me/khozkhabar https://t.me/khozkhabar,"
1. موضوع: شهری
2. اولویت: Medium
3. اقدام: پیگیری لغو امتحانات دانشگاه شهید چمران با توجه به اعلام عزای عمومی ضروری است.
4. محله: نامشخص"
[Video] 🎥خروش بی‌سابقه رودخانه شهرستان باغملک #اطلاع_رسانی_کنید ✅ اخبار  تعطیلی مدارس و‌ادار [...],"شبکه خبری خوزستان

ارتباط با ما👇
@havaaye
رزرو آگهی و تبلیغات👇
@khz_34",🎥خروش بی‌سابقه رودخانه شهرستان باغملک #اطلاع_رسانی_کنید ✅ اخبار  تعطیلی مدارس و‌ادارات و دانشگاه های خوزستان را دنبال کنید👇 https://t.me/khozkhabar https://t.me/khozkhabar,"1. موضوع: امدادی
2. اولویت: High
3. اقدام: اطلاع‌رسانی درباره تعطیلی مدارس و ادارات خوزستان به دلیل خروش رودخانه.
4. محله: نامشخص
"
[Video] 🎥باغملک | سیل در روستایی دلی#اطلاع_رسانی_کنید ✅ اخبار  تعطیلی مدارس و‌ادارات و دانشگ [...],"شبکه خبری خوزستان

ارتباط با ما👇
@havaaye
رزرو آگهی و تبلیغات👇
@khz_34",🎥باغملک | سیل در روستایی دلی #اطلاع_رسانی_کنید ✅ اخبار  تعطیلی مدارس و‌ادارات و دانشگاه های خوزستان را دنبال کنید👇 https://t.me/khozkhabar https://t.me/khozkhabar,"1. موضوع: امدادی
2. اولویت: High
3. اقدام: اطلاع‌رسانی درباره تعطیلی مدارس و ادارات خوزستان به دلیل سیل.
4. محله: نامشخص
"
#اطلاعیه_فوری 🔥مدارس کدام شهرهای خوزستان فردا ۸ دیماه تعطیل است؟🔹#ایذه: کلیه مدارس تایم صبح  [...],"شبکه خبری خوزستان

ارتباط با ما👇
@havaaye
رزرو آگهی و تبلیغات👇
@khz_34",#اطلاعیه_فوری 🔥مدارس کدام شهرهای خوزستان فردا ۸ دیماه تعطیل است؟ 🔹#ایذه: کلیه مدارس تایم صبح و عصر 🔹#مسجدسلیمان: مدارس تایم صبح و عصر ➕درحال بروز رسانی... #اطلاع_رسانی_کنید ✅ اخبار  تعطیلی مدارس و‌ادارات و دانشگاه های خوزستان را دنبال کنید👇 https://t.me/khozkhabar https://t.me/khozkhabar,":
1. موضوع: شهری
2. اولویت: High
3. اقدام: اعلام تعطیلی مدارس در شهرهای ایذه و مسجدسلیمان در خوزستان برای فردا ۸ دیماه.
4. محله: نامشخص"
[Video] 🎥 ایذه | پل هلاگون، ورودی شهر طغیان رودخانه فصلی و تخریب پل قدیمی #اطلاع_رسانی_کنید  [...],"شبکه خبری خوزستان

ارتباط با ما👇
@havaaye
رزرو آگهی و تبلیغات👇
@khz_34",🎥 ایذه | پل هلاگون، ورودی شهر طغیان رودخانه فصلی و تخریب پل قدیمی #اطلاع_رسانی_کنید ✅ اخبار  تعطیلی مدارس و‌ادارات و دانشگاه های خوزستان را دنبال کنید👇 https://t.me/khozkhabar https://t.me/khozkhabar,"
1. موضوع: زیرساخت
2. اولویت: High
3. اقدام: بررسی و ترمیم فوری پل هلاگون ایذه برای بازگشایی مسیر و جلوگیری از مشکلات بیشتر ضروری است.
4. محله: نامشخص"
[Video] #احتیاط_کنید🎥بارش شدید باران و حرکت سیل شهر لیکک بهمئی بطرف شهر تشان و جاده اصلی بهبه [...],"شبکه خبری خوزستان

ارتباط با ما👇
@havaaye
رزرو آگهی و تبلیغات👇
@khz_34",#احتیاط_کنید 🎥بارش شدید باران و حرکت سیل شهر لیکک بهمئی بطرف شهر تشان و جاده اصلی بهبهان به اهواز #اطلاع_رسانی_کنید ✅ اخبار  تعطیلی مدارس و‌ادارات و دانشگاه های خوزستان را دنبال کنید👇 https://t.me/khozkhabar https://t.me/khozkhabar,"
1. موضوع: امدادی
2. اولویت: High
3. اقدام: به شهروندان اهواز و مسیر بهبهان به اهواز در خصوص بارش شدید و احتمال سیل هشدار داده شود.
4. محله: نامشخص"
[Video] 🎥 رامهرمز | سیل در شهر رودزرد، جاده رامهرمز  - باغملک#اطلاع_رسانی_کنید ✅ اخبار  تعطی [...],"شبکه خبری خوزستان

ارتباط با ما👇
@havaaye
رزرو آگهی و تبلیغات👇
@khz_34",🎥 رامهرمز | سیل در شهر رودزرد، جاده رامهرمز  - باغملک #اطلاع_رسانی_کنید ✅ اخبار  تعطیلی مدارس و‌ادارات و دانشگاه های خوزستان را دنبال کنید👇 https://t.me/khozkhabar https://t.me/khozkhabar,"1. موضوع: امدادی
2. اولویت: High
3. اقدام: اطلاع‌رسانی درباره تعطیلی مدارس و ادارات خوزستان به دلیل سیل.
4. محله: نامشخص
"
[Video],"شبکه خبری خوزستان

ارتباط با ما👇
@havaaye
رزرو آگهی و تبلیغات👇
@khz_34",,"متاسفم، اما محتوای خبر ارائه نشده است. برای استخراج اطلاعات کلیدی و ارائه خروجی طبق فرمت خواسته شده، به محتوای خبر نیاز دارم. لطفا محتوای خبر را در اختیار من قرار دهید.
"
⚠️#هشدار ♦️رانندگان اژ تردد غیرضروری در جاده‌های خوزستان پرهیز کنند🔥از رانندگان درخواست می‌شو [...],"شبکه خبری خوزستان

ارتباط با ما👇
@havaaye
رزرو آگهی و تبلیغات👇
@khz_34",⚠️#هشدار ♦️رانندگان اژ تردد غیرضروری در جاده‌های خوزستان پرهیز کنند 🔥از رانندگان درخواست می‌شود با احتیاط کامل تردد کرده و نکات ایمنی را رعایت کنند. #اطلاع_رسانی_کنید ✅ اخبار  تعطیلی مدارس و‌ادارات و دانشگاه های خوزستان را دنبال کنید👇 https://t.me/khozkhabar https://t.me/khozkhabar,"1. موضوع: امدادی
2. اولویت: High
3. اقدام: رانندگان از تردد غیرضروری در جاده‌های خوزستان خودداری کنند و نکات ایمنی را رعایت کنند.
4. محله: نامشخص
"
[Photo] 📸 ایذه |  ریزش کوه و مسدودی جاده در دره قیلا تاشار#اطلاع_رسانی_کنید ✅ اخبار  تعطیلی  [...],"شبکه خبری خوزستان

ارتباط با ما👇
@havaaye
رزرو آگهی و تبلیغات👇
@khz_34",📸 ایذه |  ریزش کوه و مسدودی جاده در دره قیلا تاشار #اطلاع_رسانی_کنید ✅ اخبار  تعطیلی مدارس و‌ادارات و دانشگاه های خوزستان را دنبال کنید👇 https://t.me/khozkhabar https://t.me/khozkhabar,"1. موضوع: امدادی
2. اولویت: High
3. اقدام: جاده مسدود شده در ایذه نیاز به پاکسازی و بازگشایی دارد.
4. محله: نامشخص
"
[Video] 🎥 مسجدسلیمان | سیل شدید در بارندگی امروز - نفتک#اطلاع_رسانی_کنید ✅ اخبار  تعطیلی مدا [...],"شبکه خبری خوزستان

ارتباط با ما👇
@havaaye
رزرو آگهی و تبلیغات👇
@khz_34",🎥 مسجدسلیمان | سیل شدید در بارندگی امروز - نفتک #اطلاع_رسانی_کنید ✅ اخبار  تعطیلی مدارس و‌ادارات و دانشگاه های خوزستان را دنبال کنید👇 https://t.me/khozkhabar https://t.me/khozkhabar,":
1. موضوع: امدادی
2. اولویت: High
3. اقدام: اطلاع‌رسانی درباره تعطیلی مدارس، ادارات و دانشگاه‌های خوزستان به دلیل سیل.
4. محله: نامشخص"
[Video] 🎥پل سی میلی، در جاده مسجدسلیمان به هفتکل تا تاج پل زیر آب رفت#اطلاع_رسانی_کنید ✅ اخب [...],"شبکه خبری خوزستان

ارتباط با ما👇
@havaaye
رزرو آگهی و تبلیغات👇
@khz_34",🎥پل سی میلی، در جاده مسجدسلیمان به هفتکل تا تاج پل زیر آب رفت #اطلاع_رسانی_کنید ✅ اخبار  تعطیلی مدارس و‌ادارات و دانشگاه های خوزستان را دنبال کنید👇 https://t.me/khozkhabar https://t.me/khozkhabar,"1. موضوع: امدادی
2. اولویت: High
3. اقدام: اطلاع‌رسانی درباره وضعیت پل سی میلی و احتمال تعطیلی مدارس و ادارات خوزستان ضروری است.
4. محله: نامشخص
"
#اطلاعیه_فوری ♦️قابل توجه کارکنان منطقه ویژه اقتصادی پتروشیمی🔥شروع به کار کارکنان روزکار با ی [...],"شبکه خبری خوزستان

ارتباط با ما👇
@havaaye
رزرو آگهی و تبلیغات👇
@khz_34",#اطلاعیه_فوری ♦️قابل توجه کارکنان منطقه ویژه اقتصادی پتروشیمی 🔥شروع به کار کارکنان روزکار با یک ساعت تاخیر ( ٩ صبح ) روابط عمومی و سخنگوی شرایط اضطراری منطقه ویژه اقتصادی پتروشیمی: 🔹براساس پیش بینی جوی مبنی بر وقوع پدیده مه صبحگاهی و کاهش دید افقی، پیرو مصوبه کمیته پدافند غیر عامل و مدیریت بحران منطقه ویژه اقتصادی پتروشیمی و در راستای صیانت از سلامت کارکنان منطقه، بدینوسیله فردا دوشنبه مورخ ۱۴۰۴/۱۰/۰۸ ساعت شروع به کار کارکنان روزکار با یک ساعت تاخیر ( ٩ صبح ) اعلام می‌گردد. #اطلاع_رسانی_کنید ✅ اخبار  تعطیلی مدارس و‌ادارات و دانشگاه های خوزستان را دنبال کنید👇 https://t.me/khozkhabar https://t.me/khozkhabar,"1. موضوع: شهری
2. اولویت: Medium
3. اقدام: شروع به کار کارکنان منطقه ویژه اقتصادی پتروشیمی با یک ساعت تاخیر به دلیل مه صبحگاهی اعلام شد.
4. محله: نامشخص
"
[Video] 🎥ایذه | سیلاب کم سابقه در مکان تاریخی اشکفت سلمان#اطلاع_رسانی_کنید ✅ اخبار  تعطیلی م [...],"شبکه خبری خوزستان

ارتباط با ما👇
@havaaye
رزرو آگهی و تبلیغات👇
@khz_34",🎥ایذه | سیلاب کم سابقه در مکان تاریخی اشکفت سلمان #اطلاع_رسانی_کنید ✅ اخبار  تعطیلی مدارس و‌ادارات و دانشگاه های خوزستان را دنبال کنید👇 https://t.me/khozkhabar https://t.me/khozkhabar,"
1. موضوع: امدادی
2. اولویت: High
3. اقدام: اطلاع‌رسانی درباره سیلاب و تعطیلی مدارس و ادارات خوزستان ضروری است.
4. محله: نامشخص"
[Video] 🎥 لالی | آبشار فصلی چند صد متری در منطقه تراز در پی بارش‌های امروز #اطلاع_رسانی_کنید  [...],"شبکه خبری خوزستان

ارتباط با ما👇
@havaaye
رزرو آگهی و تبلیغات👇
@khz_34",🎥 لالی | آبشار فصلی چند صد متری در منطقه تراز در پی بارش‌های امروز #اطلاع_رسانی_کنید ✅ اخبار  تعطیلی مدارس و‌ادارات و دانشگاه های خوزستان را دنبال کنید👇 https://t.me/khozkhabar https://t.me/khozkhabar,":
1. موضوع: محیط زیست
2. اولویت: Medium
3. اقدام: اطلاع‌رسانی درباره تشکیل آبشار فصلی در منطقه تراز به شهروندان ضروری است.
4. محله: تراز"
#فوری 🔷قابل توجه دانش آموزان 🔥مدارس نوبت صبح باغملک #غیرحضوری شد.,"شبکه خبری خوزستان

ارتباط با ما👇
@havaaye
رزرو آگهی و تبلیغات👇
@khz_34",#فوری 🔷قابل توجه دانش آموزان 🔥مدارس نوبت صبح باغملک #غیرحضوری شد. #اطلاع_رسانی_کنید ✅ اخبار  تعطیلی مدارس و‌ادارات و دانشگاه های خوزستان را دنبال کنید👇 https://t.me/khozkhabar https://t.me/khozkhabar,":
1. موضوع: شهری
2. اولویت: High
3. اقدام: مدارس نوبت صبح باغملک به دلیل شرایط نامشخص، غیرحضوری اعلام شد.
4. محله: نامشخص"
#اطلاعیه_فوری 🔥کلیه مدارس شهرستان اندیکا در نوبت صبح🔹بنا به تصمیم مدیریت بحران شهرستان اندیک [...],"شبکه خبری خوزستان

ارتباط با ما👇
@havaaye
رزرو آگهی و تبلیغات👇
@khz_34",#اطلاعیه_فوری 🔥کلیه مدارس شهرستان اندیکا در نوبت صبح 🔹بنا به تصمیم مدیریت بحران شهرستان اندیکا و با توجه به شرایط موجود، کلیه مدارس این شهرستان در نوبت صبح روز دوشنبه مورخ ۱۴۰۴/۱۰/۰۸ به‌صورت غیرحضوری برگزار خواهند شد. 🔹لطفاً دانش‌آموزان از طریق بسترهای آموزش مجازی، فرآیند آموزشی خود را پیگیری نمایند. #اطلاع_رسانی_کنید ✅ اخبار  تعطیلی مدارس و‌ادارات و دانشگاه های خوزستان را دنبال کنید👇 https://t.me/khozkhabar https://t.me/khozkhabar,":
1. موضوع: امدادی
2. اولویت: High
3. اقدام: مدارس اندیکا فردا صبح به صورت غیرحضوری برگزار می‌شوند.
4. محله: نامشخص"
[Photo] #فوری 🔥۹ شهرستان خوزستان در پی بارندگی شدید دچار آب‌گرفتگی شدندسرپرست معاونت امداد و  [...],"شبکه خبری خوزستان

ارتباط با ما👇
@havaaye
رزرو آگهی و تبلیغات👇
@khz_34",#فوری 🔥۹ شهرستان خوزستان در پی بارندگی شدید دچار آب‌گرفتگی شدند سرپرست معاونت امداد و نجات جمعیت هلال‌احمر خوزستان گفت: 🔹 ۹ شهرستان خوزستان شامل #شوشتر، #مسجدسلیمان، #گتوند، #رامهرمز، #باوی، #اندیکا، #هفتکل، #ایذه و #باغملک در پی بارندگی شدید امروز دچار آب‌گرفتگی و بروز مشکلاتی شدند و امدادرسانی در این مناطق در حال انجام است. #اطلاع_رسانی_کنید ✅ اخبار  تعطیلی مدارس و‌ادارات و دانشگاه های خوزستان را دنبال کنید👇 https://t.me/khozkhabar https://t.me/khozkhabar,"
1. موضوع: امدادی
2. اولویت: High
3. اقدام: امدادرسانی به مناطق آب‌گرفته در ۹ شهرستان خوزستان در حال انجام است.
4. محله: نامشخص"
#اطلاعیه_فوری 🔹قابل توجه شهروندان🔥احتمال تعطیلی دیگر شهرهای خوزستان وجود دارد.,"شبکه خبری خوزستان

ارتباط با ما👇
@havaaye
رزرو آگهی و تبلیغات👇
@khz_34",#اطلاعیه_فوری 🔹قابل توجه شهروندان 🔥احتمال تعطیلی دیگر شهرهای خوزستان وجود دارد. #اطلاع_رسانی_کنید ✅ اخبار  تعطیلی مدارس و‌ادارات و دانشگاه های خوزستان را دنبال کنید👇 https://t.me/khozkhabar https://t.me/khozkhabar,"1. موضوع: شهری
2. اولویت: High
3. اقدام: شهروندان نسبت به احتمال تعطیلی مدارس و ادارات در شهرهای خوزستان هوشیار باشند.
4. محله: نامشخص
"
#اطلاعیه_فوری ♦️قابل توجه دانش‌آموزان🔥مدارس کدام شهرهای خوزستان فردا ۸ دیماه تعطیل است؟🔹#ایذ [...],"شبکه خبری خوزستان

ارتباط با ما👇
@havaaye
رزرو آگهی و تبلیغات👇
@khz_34",#اطلاعیه_فوری ♦️قابل توجه دانش‌آموزان 🔥مدارس کدام شهرهای خوزستان فردا ۸ دیماه تعطیل است؟ 🔹#ایذه: کلیه مدارس تایم صبح و عصر 🔹#مسجدسلیمان: مدارس تایم صبح و عصر 🔹#باغملک: مدارس تایم صبح 🔹#اندیکا: مدارس در تایم صبح ➕درحال بروز رسانی... #اطلاع_رسانی_کنید ✅ اخبار  تعطیلی مدارس و‌ادارات و دانشگاه های خوزستان را دنبال کنید👇 https://t.me/khozkhabar https://t.me/khozkhabar,"1. موضوع: شهری
2. اولویت: High
3. اقدام: اطلاع‌رسانی درباره تعطیلی مدارس در شهرهای خوزستان.
4. محله: نامشخص
"
#صدای_مردم 🔥اختلال در خطوط مخابراتی روستاهای اطراف ایذه به علت بارندگی امروز🔹جمعی از شهروندا [...],"شبکه خبری خوزستان

ارتباط با ما👇
@havaaye
رزرو آگهی و تبلیغات👇
@khz_34",#صدای_مردم 🔥اختلال در خطوط مخابراتی روستاهای اطراف ایذه به علت بارندگی امروز 🔹جمعی از شهروندان ایذه‌ای در پیام‌های جداگانه‌ای به #شبکه_خبری_خـوزستان گفتند که در بارندگی شدید و سیل امروز آنتن دهی در روستاهای اطراف این شهرستان به شدت ضعیف شده و امکان برقراری تماس تلفنی برای ارسال نیروهای امدادی وجود ندارد. از مسئولان مخابرات استان خوزستان درخواست رفع هرچه سریع تر این مشکل را داریم. #اطلاع_رسانی_کنید ✅ اخبار  تعطیلی مدارس و‌ادارات و دانشگاه های خوزستان را دنبال کنید👇 https://t.me/khozkhabar https://t.me/khozkhabar,"1. موضوع: امدادی
2. اولویت: High
3. اقدام: رفع اختلال خطوط مخابراتی در روستاهای اطراف ایذه در اولویت قرار گیرد تا امکان برقراری تماس و ارسال نیروهای امدادی فراهم شود.
4. محله: نامشخص
"
[Photo] 📸 طوفان و سیلاب، زندگی عشایر هفتکل را در هم کوبید/ سیاه‌چادرها زیر آب و دامداری‌ها وی [...],"شبکه خبری خوزستان

ارتباط با ما👇
@havaaye
رزرو آگهی و تبلیغات👇
@khz_34",📸 طوفان و سیلاب، زندگی عشایر هفتکل را در هم کوبید/ سیاه‌چادرها زیر آب و دامداری‌ها ویران شدند 🔹طوفان، باد و باران‌های سیل‌آسا در مناطق عشایرنشین شهرستان هفتکل، خسارات مالی قابل توجهی به این قشر زحمتکش وارد کرده است. 🔹شدت بارش‌ها و جاری شدن سیلاب، منجر به آسیب رساندن به سیاه چادرها ، تخریب دامداری‌ها شده و مشکلات عدیده‌ای را برای زندگی عشایر به وجود آورده است. 🔹این وضعیت، نیازمند توجه ویژه مسئولان و اتخاذ تدابیر حمایتی فوری برای جبران خسارات و جلوگیری از این حوادث ناگوار است. #اطلاع_رسانی_کنید ✅ اخبار  تعطیلی مدارس و‌ادارات و دانشگاه های خوزستان را دنبال کنید👇 https://t.me/khozkhabar https://t.me/khozkhabar,"
1. موضوع: امدادی
2. اولویت: High
3. اقدام: ارائه کمک‌های فوری به عشایر آسیب‌دیده و بازسازی زیرساخت‌های تخریب‌شده ضروری است.
4. محله: نامشخص"
#فوری 🔥هشدار زرد وقوع گرد و خاک منشاء عراقی در خوزستان🔹مرکز ملی پایش و هشدار سریع گرد و خاک  [...],"شبکه خبری خوزستان

ارتباط با ما👇
@havaaye
رزرو آگهی و تبلیغات👇
@khz_34",#فوری 🔥هشدار زرد وقوع گرد و خاک منشاء عراقی در خوزستان 🔹مرکز ملی پایش و هشدار سریع گرد و خاک هواشناسی خوزستان نسبت به وقوع گرد و خاک عراقی در استان هشدار سطح زرد صادر کرد. 🔹بر همین اساس ورود و تأثیر گرد و خاک عراقی از اوایل وقت فردا دوشنبه ۸ دی‌ماه تا اواسط وقت همین روز در مناطق غرب، جنوب غرب و تا حدودی مرکز استان سبب کاهش دید افقی خواهد شد. 🔹کاهش دیدافقی، افت کیفیت هوا و همچنین افزایش غلظت آلاینده های گرد و خاک از جمله مخاطره های این پدیده هستند. 🔹انتظار می رود در این مدت احتیاط در تردد غیرضروری بیماران تنفسی، افراد سالخورده و کودکان، اتخاذ تمهیدات لازم توسط مسئولان در دستور کار قرار گیرد. #اطلاع_رسانی_کنید ✅ اخبار  تعطیلی مدارس و‌ادارات و دانشگاه های خوزستان را دنبال کنید👇 https://t.me/khozkhabar https://t.me/khozkhabar,"
1. موضوع: محیط زیست
2. اولویت: Medium
3. اقدام: به افراد آسیب‌پذیر توصیه می‌شود در زمان وقوع گرد و خاک از تردد غیرضروری خودداری کنند.
4. محله: نامشخص"
[Photo] #فوری 🔥۱۱ شهر خوزستان در وضعیت قرمز🔸شهرهای #اهواز، #کارون، #سوسنگرد، #بهیهان، #باغمل [...],"شبکه خبری خوزستان

ارتباط با ما👇
@havaaye
رزرو آگهی و تبلیغات👇
@khz_34",#فوری 🔥۱۱ شهر خوزستان در وضعیت قرمز 🔸شهرهای #اهواز، #کارون، #سوسنگرد، #بهیهان، #باغملک، #هندیجان، #دزفول، #اندیمشک، #آبادان، #خرمشهر و #ماهشهر در وضعیت قرمز آلودگی هوا قرار گرفتند. #اطلاع_رسانی_کنید ✅ اخبار  تعطیلی مدارس و‌ادارات و دانشگاه های خوزستان را دنبال کنید👇 https://t.me/khozkhabar https://t.me/khozkhabar,"1. موضوع: محیط زیست
2. اولویت: High
3. اقدام: اطلاع‌رسانی وضعیت قرمز آلودگی هوا به شهروندان و پیگیری اخبار تعطیلی‌ها ضروری است.
4. محله: اهواز
"
[Media] #جهت_اطلاع🔥سیلاب در ۹ شهر خوزستان؛ مدارس ۴ شهر را تعطیل کرد!!,"شبکه خبری خوزستان

ارتباط با ما👇
@havaaye
رزرو آگهی و تبلیغات👇
@khz_34","#جهت_اطلاع 🔥سیلاب در ۹ شهر خوزستان؛ مدارس ۴ شهر را تعطیل کرد!! ▪️بنابر اعلام هلال احمر سیلاب در ۹ شهر خوزستان باعث بروز خساراتی در این شهرها شده است اما تاکنون مدارس فقط ۴ شهر در روز دوشنبه تعطیل شده اند و از غیرحضوری شدن مدارس #شوشتر ،#رامهرمز #گتوند #باوی و #هفتکل تاکنون خبری نیست. ‼️لازم است در صورت ضرورت فرمانداران ۵ شهر باقی مانده نیز تصمیمات لازم را اعلام کنند. #اطلاع_رسانی_کنید ✅ اخبار  تعطیلی مدارس و‌ادارات و دانشگاه های خوزستان را دنبال کنید👇 https://t.me/khozkhabar https://t.me/khozkhabar Telegram شبکه خبری خوزستان شبکه خبری خوزستان

ارتباط با ما👇
@havaaye
رزرو آگهی و تبلیغات👇
@khz_34","
1. موضوع: امدادی
2. اولویت: High
3. اقدام: بررسی وضعیت و اعلام تصمیمات لازم برای تعطیلی مدارس در ۵ شهر باقی‌مانده ضروری است.
4. محله: نامشخص"
[Photo] #فوری 🔥آلودگی شهرهای خوزستان پس از باران!,"شبکه خبری خوزستان

ارتباط با ما👇
@havaaye
رزرو آگهی و تبلیغات👇
@khz_34",#فوری 🔥آلودگی شهرهای خوزستان پس از باران! 🟤 #مسجدسلیمان 🔴 #اهواز 🔴 #دزفول 🔴 #اندیمشک 🔴 #شوش 🔴 #شوشتر 🔴 #سوسنگرد 🔴 #باغملک 🔴 #هفتگل 🔴 #خرمشهر 🔴 #آبادان 🔴 #ماهشهر 🔴 #هندیجان 🔴 #بهبهان 🔴 #آغاجاری 🟠 #هویزه 🟠 #ملاثانی 🟠 #آغاجاری 🟠 #امیدیه 🟠 #شادگان #اطلاع_رسانی_کنید ✅ اخبار  تعطیلی مدارس و‌ادارات و دانشگاه های خوزستان را دنبال کنید👇 https://t.me/khozkhabar https://t.me/khozkhabar,"1. موضوع: محیط زیست
2. اولویت: High
3. اقدام: اطلاع‌رسانی در خصوص آلودگی هوای خوزستان و احتمال تعطیلی مدارس و ادارات.
4. محله: نامشخص
"
[Video] 🌱هر روز خود را با بِسْمِ اللَّـهِ الرَّحْمَـٰنِ الرَّحِيمِ شروع کنید🗓 امروز دوشنبه🔹۸ [...],"شبکه خبری خوزستان

ارتباط با ما👇
@havaaye
رزرو آگهی و تبلیغات👇
@khz_34",🌱هر روز خود را با بِسْمِ اللَّـهِ الرَّحْمَـٰنِ الرَّحِيمِ شروع کنید 🗓 امروز دوشنبه 🔹۸ دی ۱۴۰۴  خورشیدی 🔹۸ رجب ۱۴۴۷   قمری 🔹29 دسامبر 2025  میلادی رویدادها: ▪️روز صنعت پتروشیمی ذکر روز(۱۰۰ مرتبه): 📿یا قاضیَ الحاجات - ای برآورنده حاجت ها اوقات شرعی به افق اهواز: 🔸اذان صبح:            05:48 🔸اذان ظهر:             12:17 🔸اذان مغرب:          17:40 🔸نیمه‌شب شرعی:   23:35 #تقویم_روز #اطلاع_رسانی_کنید ✅ اخبار  تعطیلی مدارس و‌ادارات و دانشگاه های خوزستان را دنبال کنید👇 https://t.me/khozkhabar https://t.me/khozkhabar,"1. موضوع: متفرقه
2. اولویت: Low
3. اقدام: اطلاع‌رسانی اوقات شرعی و رویدادهای روز به شهروندان اهواز.
4. محله: نامشخص
"
[Photo] فواید پوست میوه ها🔹سیبچربی سوز و ضدسرطان🔹خیارضدچروک🔹بادمجانضدگرفتگی عضله ،مناسب لاغ [...],"شبکه خبری خوزستان

ارتباط با ما👇
@havaaye
رزرو آگهی و تبلیغات👇
@khz_34",فواید پوست میوه ها 🔹سیب چربی سوز و ضدسرطان 🔹خیار ضدچروک 🔹بادمجان ضدگرفتگی عضله ،مناسب لاغری شکم 🔹کیوی آنتی باکتریال 🔹پرتقال ضدسرطان پوست ضدسرماخوردگی #سالم_بمانیم #اطلاع_رسانی_کنید ✅ اخبار  تعطیلی مدارس و‌ادارات و دانشگاه های خوزستان را دنبال کنید👇 https://t.me/khozkhabar https://t.me/khozkhabar,"1. موضوع: سلامت
2. اولویت: Low
3. اقدام: اطلاع‌رسانی درباره فواید پوست میوه‌ها برای حفظ سلامتی.
4. محله: نامشخص
"
[Photo] تداوم بارش‌ها در اکثر مناطق کشور🌧امروز در کل کشور به جز مناطق مرکزی همچنان بارندگی‌ها  [...],"شبکه خبری خوزستان

ارتباط با ما👇
@havaaye
رزرو آگهی و تبلیغات👇
@khz_34",تداوم بارش‌ها در اکثر مناطق کشور 🌧امروز در کل کشور به جز مناطق مرکزی همچنان بارندگی‌ها ادامه خواهد یافت. ❄️همچنین امروز برای استان‌های آذربایجان شرقی، آذربایجان غربی، اردبیل، همدان، لرستان، چهارمحال بختیاری، کرمانشاه و اصفهان هشدار کاهش محسوس و شدید دمای هوا، یخبندان و یخ‌زدگی گسترده، سرمای غیرمتعارف صادر شده است. 🌧فردا فعالیت سامانه بارشی در جنوب‌غرب، غرب، مناطقی از شمال‌غرب، دامنه جنوبی البرز، مرکز، شرق و شمال‌شرق کشور خواهد بود و در قالب مناطق بارش به شکل برف همراه با وزش باد شدید و کاهش دما خواهد بود. #هواشناسی #اطلاع_رسانی_کنید ✅ اخبار  تعطیلی مدارس و‌ادارات و دانشگاه های خوزستان را دنبال کنید👇 https://t.me/khozkhabar https://t.me/khozkhabar,"
1. موضوع: امدادی
2. اولویت: High
3. اقدام: اطلاع‌رسانی درباره احتمال تعطیلی مدارس و ادارات خوزستان به دلیل بارش و کاهش دما ضروری است.
4. محله: نامشخص"
♦️۵ نفر در پی وقوع سیلاب در خوزستان مفقود شدند🔹️ ۵ نفر در پی وقوع سیلاب در خوزستان مفقود شدند [...],"شبکه خبری خوزستان

ارتباط با ما👇
@havaaye
رزرو آگهی و تبلیغات👇
@khz_34",♦️۵ نفر در پی وقوع سیلاب در خوزستان مفقود شدند 🔹️ ۵ نفر در پی وقوع سیلاب در خوزستان مفقود شدند و راننده مفقودی مسجدسلیمان زنده پیدا شد 🔹️ ساعاتی پیش راننده مفقودی در مسجدسلیمان توسط نیروی انتظامی زنده پیدا شد و تلاش تیم‌های امدادی، انتظامی و سایر دستگاه‌های مسئول برای جست‌وجوی پنج نفر دیگر در شهرستان باغملک همچنان ادامه دارد. #اطلاع_رسانی_کنید ✅ اخبار  تعطیلی مدارس و‌ادارات و دانشگاه های خوزستان را دنبال کنید👇 https://t.me/khozkhabar https://t.me/khozkhabar,"
1. موضوع: امدادی
2. اولویت: High
3. اقدام: جست‌وجوی مفقودشدگان در خوزستان و به‌ویژه باغملک ادامه دارد.
4. محله: نامشخص"
[Photo] ‼️۵ نفر در پی وقوع سیلاب در خوزستان مفقود شدند🔹️ ۵ نفر در پی وقوع سیلاب در خوزستان مف [...],"شبکه خبری خوزستان

ارتباط با ما👇
@havaaye
رزرو آگهی و تبلیغات👇
@khz_34",‼️۵ نفر در پی وقوع سیلاب در خوزستان مفقود شدند 🔹️ ۵ نفر در پی وقوع سیلاب در خوزستان مفقود شدند و راننده مفقودی مسجدسلیمان زنده پیدا شد 🔹️ دیشب راننده مفقودی در مسجدسلیمان توسط نیروی انتظامی زنده پیدا شد و تلاش تیم‌های امدادی، انتظامی و سایر دستگاه‌های مسئول برای جست‌وجوی پنج نفر دیگر در شهرستان باغ‌ملک همچنان ادامه دارد. #اطلاع_رسانی_کنید ✅ اخبار  تعطیلی مدارس و‌ادارات و دانشگاه های خوزستان را دنبال کنید👇 https://t.me/khozkhabar https://t.me/khozkhabar,"1. موضوع: امدادی
2. اولویت: High
3. اقدام: جست‌وجوی مفقودین سیلاب در خوزستان و به‌روزرسانی اخبار تعطیلی‌ها ادامه دارد.
4. محله: نامشخص
"
[Photo] 🔥قصور هواشناسی خوزستان مردم را غافلگیر کرد🔹بی‌دقتی اداره‌کل هواشناسی خوزستان در صدور [...],"شبکه خبری خوزستان

ارتباط با ما👇
@havaaye
رزرو آگهی و تبلیغات👇
@khz_34",🔥قصور هواشناسی خوزستان مردم را غافلگیر کرد 🔹بی‌دقتی اداره‌کل هواشناسی خوزستان در صدور هشدار سطح قرمز برای شهرستان‌های ایذه، مسجدسلیمان، باغملک و لالی، در شرایط جوی پرخطر اخیر، باعث دایر ماندن مدارس و ادارات و بروز خسارت‌های جانی و مالی برای شهروندان شد. 🔹ضعف عملکرد اداره‌کل هواشناسی خوزستان در مدیریت شرایط جوی اخیر «یک‌شنبه هفتم دی‌ماه ۱۴۰۴» بار دیگر انتقادها نسبت به دقت و مسئولیت‌پذیری این دستگاه تخصصی را افزایش داده است؛ موضوعی که این‌بار به بروز خسارت‌های جانی، تهدید سلامت عمومی و آسیب‌های مالی برای شهروندان چند شهرستان انجامید. | رهیاب #اطلاع_رسانی_کنید ✅ اخبار  تعطیلی مدارس و‌ادارات و دانشگاه های خوزستان را دنبال کنید👇 https://t.me/khozkhabar https://t.me/khozkhabar,"1. موضوع: امدادی
2. اولویت: High
3. اقدام: بررسی و بهبود عملکرد هواشناسی خوزستان برای صدور هشدارهای دقیق و به موقع ضروری است.
4. محله: نامشخص
"
♦️تمامی محورهای مواصلاتی استان خوزستان باز استمرکز مدیریت راه‌های اداره‌کل راهداری و حمل‌ونقل  [...],"شبکه خبری خوزستان

ارتباط با ما👇
@havaaye
رزرو آگهی و تبلیغات👇
@khz_34",♦️تمامی محورهای مواصلاتی استان خوزستان باز است مرکز مدیریت راه‌های اداره‌کل راهداری و حمل‌ونقل جاده‌ای خوزستان: 🔹 با تلاش مستمر نیروها و گشت‌های راهداری در سطح محورهای مواصلاتی، انسداد محورهای باغملک _ ایذه _ دزپارت و ملاثانی _ گاوسوار رفع و تردد در تمامی محورهای اصلی و فرعی استان جریان دارد. 🔹 از رانندگان و کاربران جاده‌ای درخواست می‌شود با توجه به هشدارهای هواشناسی، ضمن رعایت احتیاط لازم در تردد، پیش از آغاز سفر برای اطلاع از آخرین وضعیت راه‌ها با سامانه تلفنی ۱۴۱ تماس حاصل نمایند. #اطلاع_رسانی_کنید ✅ اخبار  تعطیلی مدارس و‌ادارات و دانشگاه های خوزستان را دنبال کنید👇 https://t.me/khozkhabar https://t.me/khozkhabar,"
1. موضوع: شهری
2. اولویت: Medium
3. اقدام: محورهای مواصلاتی خوزستان بازگشایی شده و تردد در آن‌ها جریان دارد.
4. محله: نامشخص"
[Video] 🎥زهره؛ شاهرگ آب جنوب از زاگرس تا خلیج فارس🔹رودخانه زهره از ارتفاعات کهگیلویه و بویرا [...],"شبکه خبری خوزستان

ارتباط با ما👇
@havaaye
رزرو آگهی و تبلیغات👇
@khz_34",🎥زهره؛ شاهرگ آب جنوب از زاگرس تا خلیج فارس 🔹رودخانه زهره از ارتفاعات کهگیلویه و بویراحمد سرچشمه می‌گیرد و پس از پیوستن به شاخه‌هایی مانند خیرآباد، با عبور از خوزستان به خلیج فارس می‌ریزد؛ جریانی حیاتی که نقشی تعیین‌کننده در حیات انسانی، کشاورزی و زیست‌محیطی جنوب کشور دارد. 🔹در این مسیر، سد استراتژیک کوثر با پرشدگی ۸۳ درصدی، منبع تامین آب آشامیدنی حدود ۲/۵ میلیون نفر در ۵ استان است و هم‌زمان کشاورزی دشت‌هایی چون لیشتر و زیدون، صنایع نفت و گاز گچساران و بهبود کیفیت آب رودخانه زهره در پایین‌دست خوزستان را پشتیبانی می‌کند. #اطلاع_رسانی_کنید ✅ اخبار  تعطیلی مدارس و‌ادارات و دانشگاه های خوزستان را دنبال کنید👇 https://t.me/khozkhabar https://t.me/khozkhabar,"1. موضوع: محیط زیست
2. اولویت: Medium
3. اقدام: بررسی وضعیت سد کوثر و تاثیر آن بر تامین آب و کشاورزی منطقه ضروری است.
4. محله: نامشخص
"
[Video] 📹لحظه برخورد صاعقه با دکه درون پارک در شوشتر#اطلاع_رسانی_کنید ✅ اخبار  تعطیلی مدارس  [...],"شبکه خبری خوزستان

ارتباط با ما👇
@havaaye
رزرو آگهی و تبلیغات👇
@khz_34",📹لحظه برخورد صاعقه با دکه درون پارک در شوشتر #اطلاع_رسانی_کنید ✅ اخبار  تعطیلی مدارس و‌ادارات و دانشگاه های خوزستان را دنبال کنید👇 https://t.me/khozkhabar https://t.me/khozkhabar,"1. موضوع: امدادی
2. اولویت: High
3. اقدام: اطلاع‌رسانی در خصوص تعطیلی مدارس و ادارات خوزستان به دلیل شرایط جوی.
4. محله: نامشخص
"
♦️مرز چذابه به شبکه ترانزیت خارجی کشور پیوست🔹رئیس اتاق بازرگانی، صنایع، معادن و کشاورزی اهواز [...],"شبکه خبری خوزستان

ارتباط با ما👇
@havaaye
رزرو آگهی و تبلیغات👇
@khz_34",♦️مرز چذابه به شبکه ترانزیت خارجی کشور پیوست 🔹رئیس اتاق بازرگانی، صنایع، معادن و کشاورزی اهواز از ابلاغ دستورالعمل جدید گمرک جمهوری اسلامی ایران مبنی بر الحاق رسمی مرز چذابه به شبکه ترانزیت خارجی کشور خبر داد. #اطلاع_رسانی_کنید ✅ اخبار  تعطیلی مدارس و‌ادارات و دانشگاه های خوزستان را دنبال کنید👇 https://t.me/khozkhabar https://t.me/khozkhabar,"1. موضوع: شهری
2. اولویت: Medium
3. اقدام: مرز چذابه به شبکه ترانزیت خارجی کشور متصل شد.
4. محله: نامشخص
"
[Photo] 🔸کلاهبردار سکه‌های بهار آزادی تقلبی در اهواز دستگیر شد🔹فرمانده انتظامی اهواز گفت: در [...],"شبکه خبری خوزستان

ارتباط با ما👇
@havaaye
رزرو آگهی و تبلیغات👇
@khz_34",🔸کلاهبردار سکه‌های بهار آزادی تقلبی در اهواز دستگیر شد 🔹فرمانده انتظامی اهواز گفت: در پی وصول خبری مبنی بر کلاهبرداری و توزیع سکه‌های طلای تقلبی توسط شخصی کلاهبردار، موضوع به صورت ویژه در دستور کار مأموران این فرماندهی قرار گرفت. 🔹کیومرث کشوری اظهار کرد: مأموران پس از حضور در بازار منطقه کمپلو و انجام تحقیقات پلیسی، مستندات لازم را جمع‌آوری کرده و موفق شدند متهم را شناسایی کنند. 🔹وی افزود: این کلاهبردار در حین فروش سکه‌های بهار آزادی تقلبی به یکی از شهروندان، طی یک عملیات غافلگیرانه دستگیر شد. #اطلاع_رسانی_کنید ✅ اخبار  تعطیلی مدارس و‌ادارات و دانشگاه های خوزستان را دنبال کنید👇 https://t.me/khozkhabar https://t.me/khozkhabar,"
1. موضوع: شهری
2. اولویت: Medium
3. اقدام: دستگیری کلاهبردار سکه تقلبی در اهواز توسط پلیس.
4. محله: کمپلو"
[Video] 🎥 رعدوبرق عجیب در آسمان غرب هرمزگان#اطلاع_رسانی_کنید ✅ اخبار  تعطیلی مدارس و‌ادارات  [...],"شبکه خبری خوزستان

ارتباط با ما👇
@havaaye
رزرو آگهی و تبلیغات👇
@khz_34",🎥 رعدوبرق عجیب در آسمان غرب هرمزگان #اطلاع_رسانی_کنید ✅ اخبار  تعطیلی مدارس و‌ادارات و دانشگاه های خوزستان را دنبال کنید👇 https://t.me/khozkhabar https://t.me/khozkhabar,"1. موضوع: امدادی
2. اولویت: Medium
3. اقدام: اطلاع‌رسانی درباره احتمال تعطیلی مدارس و ادارات در خوزستان ضروری است.
4. محله: نامشخص
"
[Video] 🎥دبیر ستاد ملی جمعیت: در سنین 20 تا 45 سال  3.7 میلیون مجرد خانم و 6.7 میلیون مجرد مر [...],"شبکه خبری خوزستان

ارتباط با ما👇
@havaaye
رزرو آگهی و تبلیغات👇
@khz_34",🎥دبیر ستاد ملی جمعیت: در سنین 20 تا 45 سال  3.7 میلیون مجرد خانم و 6.7 میلیون مجرد مرد داریم #اطلاع_رسانی_کنید ✅ اخبار  تعطیلی مدارس و‌ادارات و دانشگاه های خوزستان را دنبال کنید👇 https://t.me/khozkhabar https://t.me/khozkhabar,"1. موضوع: متفرقه
2. اولویت: Low
3. اقدام: اطلاع‌رسانی درباره آمار مجردین در سنین خاص و دعوت به دنبال کردن اخبار خوزستان.
4. محله: نامشخص
"
[Photo] ♦️قیمت خودرو امروز دوشنبه ۸ دی‌ماه 1404#اطلاع_رسانی_کنید ✅ اخبار  تعطیلی مدارس و‌ادار [...],"شبکه خبری خوزستان

ارتباط با ما👇
@havaaye
رزرو آگهی و تبلیغات👇
@khz_34",♦️قیمت خودرو امروز دوشنبه ۸ دی‌ماه 1404 #اطلاع_رسانی_کنید ✅ اخبار  تعطیلی مدارس و‌ادارات و دانشگاه های خوزستان را دنبال کنید👇 https://t.me/khozkhabar https://t.me/khozkhabar,"
1. موضوع: متفرقه
2. اولویت: Low
3. اقدام: اطلاع‌رسانی درباره قیمت خودرو و اخبار تعطیلی مدارس و ادارات خوزستان.
4. محله: نامشخص
"
▪️هلال‌احمر: سوانح جوی ۴ فوتی و ۹ مفقودی داشت🔹از ۶ دی تا صبح امروز، ۹ نفر در سیلاب و کولاک اس [...],"شبکه خبری خوزستان

ارتباط با ما👇
@havaaye
رزرو آگهی و تبلیغات👇
@khz_34",▪️هلال‌احمر: سوانح جوی ۴ فوتی و ۹ مفقودی داشت 🔹از ۶ دی تا صبح امروز، ۹ نفر در سیلاب و کولاک استان‌های خوزستان و کهگیلویه‌وبویراحمد مفقود شده و ۴ نفر نیز جان خود را از دست داده‌اند. #اطلاع_رسانی_کنید ✅ اخبار  تعطیلی مدارس و‌ادارات و دانشگاه های خوزستان را دنبال کنید👇 https://t.me/khozkhabar https://t.me/khozkhabar,"
1. موضوع: امدادی
2. اولویت: High
3. اقدام: هلال احمر در حال جستجو برای یافتن مفقودین و ارائه کمک‌های لازم به آسیب‌دیدگان است.
4. محله: نامشخص"
#اطلاعیه_فوری 🔥مدارس ایذه فردا هم تعطیل شد🔹فرماندار ایذه: به دلیل پیش‌بینی سطح نارنجی هواشنا [...],"شبکه خبری خوزستان

ارتباط با ما👇
@havaaye
رزرو آگهی و تبلیغات👇
@khz_34",#اطلاعیه_فوری 🔥مدارس ایذه فردا هم تعطیل شد 🔹فرماندار ایذه: به دلیل پیش‌بینی سطح نارنجی هواشناسی برای بارش شدید باران در سطح شهرستان و پاکسازی و شست‌و‌شوی معابر و مدارس درگیر سیلاب، فعالیت تمام مقاطع تحصیلی شهرستان ایذه در دو نوبت صبح و عصر تعطیل خواهد بود. 🔹 انتظار می‌رود شهروندان به‌منظور کاهش حوادث و خطرات ناشی از بارش‌ها، در طول بارندگی از منازل خود خارج نشوند. #اطلاع_رسانی_کنید ✅ اخبار  تعطیلی مدارس و‌ادارات و دانشگاه های خوزستان را دنبال کنید👇 https://t.me/khozkhabar https://t.me/khozkhabar,"1. موضوع: امدادی
2. اولویت: High
3. اقدام: تعطیلی مدارس و درخواست از شهروندان برای ماندن در منزل به دلیل بارش شدید و سیلاب.
4. محله: نامشخص
"
#فوری🔥#هم_اکنون / سیلاب جاده ترانزیتی اهواز_اصفهان را یکطرفه کرد▪️با ورود سیلاب به پایین دست  [...],"شبکه خبری خوزستان

ارتباط با ما👇
@havaaye
رزرو آگهی و تبلیغات👇
@khz_34",#فوری 🔥#هم_اکنون / سیلاب جاده ترانزیتی اهواز_اصفهان را یکطرفه کرد ▪️با ورود سیلاب به پایین دست از ساعتی پیش جاده ترانزیتی اهواز_رامهرمز_ایذه_اصفهان   یکطرفه شد بالا آمدن آب رودخانه فصلی از مقطع غیزانیه باعث توقف تردد در این محور جاده ای شده است. #اطلاع_رسانی_کنید ✅ اخبار  تعطیلی مدارس و‌ادارات و دانشگاه های خوزستان را دنبال کنید👇 https://t.me/khozkhabar https://t.me/khozkhabar,":
1. موضوع: امدادی
2. اولویت: High
3. اقدام: جاده اهواز_اصفهان به دلیل سیلاب یکطرفه شده و تردد در آن متوقف است.
4. محله: غیزانیه"
⛈سامانه بارشی گسترده در کشور/برف، کولاک و افت شدید دما در راه استمحمد اصغری، کارشناس هواشناسی: [...],"شبکه خبری خوزستان

ارتباط با ما👇
@havaaye
رزرو آگهی و تبلیغات👇
@khz_34",⛈سامانه بارشی گسترده در کشور/برف، کولاک و افت شدید دما در راه است محمد اصغری، کارشناس هواشناسی: 🔹یشترین بارش‌ها طی ساعات آینده در هرمزگان، سیستان‌وبلوچستان، کرمان، خراسان رضوی، خراسان جنوبی و شرق سمنان روی می‌دهد. 🔹 با نفوذ توده هوای سرد از شمال‌غرب، افت محسوس و شدید دما در حال وقوع است. 🔹 با ورود موج جدید بارشی طی بعدازظهر امروز از شمال‌غرب، بارش‌ها در آذربایجان غربی، آذربایجان شرقی و کردستان به‌صورت برف خواهد بود. 🔹 از امشب در کرمانشاه، زنجان، نیمه جنوبی اردبیل و نواحی سردسیر ایلام بارش برف پیش‌بینی می‌شود و شدت رگبارها در جنوب ایلام و شمال #خوزستان  است. #اطلاع_رسانی_کنید ✅ اخبار  تعطیلی مدارس و‌ادارات و دانشگاه های خوزستان را دنبال کنید👇 https://t.me/khozkhabar https://t.me/khozkhabar,"
1. موضوع: امدادی
2. اولویت: High
3. اقدام: اطلاع‌رسانی به شهروندان در خصوص بارش برف و کاهش دما، به ویژه در شمال خوزستان و پیگیری اخبار تعطیلی مدارس و ادارات.
4. محله: نامشخص"
[Photo] 🛑 درخشش روابط عمومی شركت نفت و گاز اروندان در دهمین جشنواره رسانه‌ای ابوذر خوزستاندر  [...],"شبکه خبری خوزستان

ارتباط با ما👇
@havaaye
رزرو آگهی و تبلیغات👇
@khz_34",🛑 درخشش روابط عمومی شركت نفت و گاز اروندان در دهمین جشنواره رسانه‌ای ابوذر خوزستان در دهمین جشنواره رسانه‌ای ابوذر خوزستان که با حضور سردار شاهوارپور، فرمانده سپاه حضرت ولیعصر(عج) استان خوزستان برگزار شد، از سروش یوسفی، خبرنگار و عکاس روابط عمومی شرکت نفت و گاز اروندان، به‌دلیل کسب مقام دوم در بخش عکس و همچنین از امید نصیری، رئیس روابط عمومی این شرکت، به‌سبب کسب رتبه برتر در بخش «پیوند رسانه و صنعت» تقدیر به‌عمل آمد. به گزارش روابط عمومی شرکت نفت و گاز اروندان، امروز پنجشنبه چهارم دی‌ماه ۱۴۰۴، اختتامیه دهمین جشنواره رسانه‌ای ابوذر خوزستان به همت سازمان بسیج رسانه خوزستان با حضور مسئولان استانی و داوران ملی جشنواره، در مجتمع فجر اهواز برگزار شد. بر اساس رأی هیأت داوران، سروش یوسفی خبرنگار و عکاس روابط عمومی شرکت نفت و گاز اروندان در بخش عکس مقام دوم را کسب کرد. همچنین، از امید نصیری، رئیس روابط عمومی شرکت نفت و گاز اروندان، در بخش «پیوند رسانه و صنعت» به‌عنوان رتبه برتر تجلیل به‌عمل آمد و لوح تقدیر و تندیس این بخش از جشنواره توسط فرمانده سپاه حضرت ولیعصر استان خوزستان به وی اهدا شد.,"
1. موضوع: شهری
2. اولویت: Low
3. اقدام: تقدیر از روابط عمومی شرکت نفت و گاز اروندان در جشنواره رسانه‌ای ابوذر خوزستان.
4. محله: نامشخص"
[Video] #فوری📹فیلم/سیلاب  جاده اهواز_اصفهان را یکطرفه کرد#اطلاع_رسانی_کنید ✅ اخبار  تعطیلی م [...],"شبکه خبری خوزستان

ارتباط با ما👇
@havaaye
رزرو آگهی و تبلیغات👇
@khz_34",#فوری 📹فیلم/سیلاب  جاده اهواز_اصفهان را یکطرفه کرد #اطلاع_رسانی_کنید ✅ اخبار  تعطیلی مدارس و‌ادارات و دانشگاه های خوزستان را دنبال کنید👇 https://t.me/khozkhabar https://t.me/khozkhabar,"
1. موضوع: امدادی
2. اولویت: High
3. اقدام: جاده اهواز_اصفهان به دلیل سیلاب یکطرفه شده است و نیاز به اطلاع‌رسانی فوری دارد.
4. محله: نامشخص"
♦️ گرانی برنج و تغییر سبد غذایی خانوار در خوزستان🔹 روزهای اخیر برنج از کالایی اساسی و مورد نی [...],"شبکه خبری خوزستان

ارتباط با ما👇
@havaaye
رزرو آگهی و تبلیغات👇
@khz_34",♦️ گرانی برنج و تغییر سبد غذایی خانوار در خوزستان 🔹 روزهای اخیر برنج از کالایی اساسی و مورد نیاز سبد غذایی خانوارها به کالایی لوکس تبدیل شده که دیگر هر کسی قادر به خرید این محصول غذایی نیست، شرایط نابسامان برنج در استان خوزستان که خود تولید کننده برنج محسوب می‌شود دور از انتظار است. 🔹 برنج به عنوان یکی از اقلام خوراکی پرمصرف سفره مردم این روزها به دلیل دچار شدن به تب تند گرانی دیگر خریداری ندارد، افزایش سه برابری قیمت برنج‌های وارداتی و تولید داخل، باعث شده تا بیشتر مردم این محصول غذایی را که پای ثابت سفره‌هایشان بود حذف کنند. 🔹 به گفته بازرگانان و فعالان این حوزه گرانی، احتکار، کمیابی و عدم تخصیص ارز دولتی برای خرید این کالا باعث شده تا با کمبود عرضه و نهایتا افزایش چشمگیر قیمت این محصول در بازار روبرو شویم. #اطلاع_رسانی_کنید ✅ اخبار  تعطیلی مدارس و‌ادارات و دانشگاه های خوزستان را دنبال کنید👇 https://t.me/khozkhabar https://t.me/khozkhabar,"1. موضوع: شهری
2. اولویت: Medium
3. اقدام: بررسی علل افزایش قیمت برنج و اتخاذ راهکار برای تثبیت قیمت‌ها ضروری است.
4. محله: نامشخص
"
[Photo] 🔥 برگزاری شانزدهمین نمایشگاه تخصصی ساخت تجهیزات صنعت نفت در اهوازمدیرعامل نمایشگاه بی [...],"شبکه خبری خوزستان

ارتباط با ما👇
@havaaye
رزرو آگهی و تبلیغات👇
@khz_34",🔥 برگزاری شانزدهمین نمایشگاه تخصصی ساخت تجهیزات صنعت نفت در اهواز مدیرعامل نمایشگاه بین‌المللی خوزستان  از برگزاری شانزدهمین نمایشگاه تخصصی ساخت تجهیزات صنعت نفت خوزستان از ۲۰ دی‌ماه تا ۲۳ دی‌ماه در محل دائمی نمایشگاه‌های بین‌المللی خوزستان در اهواز خبر داد. رحیم جلیلی با اعلام این خبر اظهار کرد: این نمایشگاه با هدف معرفی توانمندی‌های فنی، مهندسی و تولیدی صنعت نفت و ایجاد بستر تعامل میان شرکت‌های نفتی، صنایع وابسته و تولیدکنندگان داخلی و خارجی برگزار می‌شود و یکی از رویدادهای تخصصی و اثرگذار حوزه انرژی در کشور به شمار می‌رود. وی افزود: در این دوره، شرکت‌های بزرگ نفتی، شرکت‌های وابسته به صنعت نفت، سازندگان تجهیزات، پیمانکاران، شرکت‌های دانش‌بنیان و تولیدکنندگان داخلی و خارجی حضور خواهند داشت و آخرین دستاوردها، فناوری‌ها و محصولات خود را در حوزه ساخت تجهیزات صنعت نفت به نمایش می‌گذارند. #اطلاع_رسانی_کنید ✅ اخبار  تعطیلی مدارس و‌ادارات و دانشگاه های خوزستان را دنبال کنید👇 https://t.me/khozkhabar https://t.me/khozkhabar,"
1. موضوع: شهری
2. اولویت: Low
3. اقدام: اطلاع‌رسانی درباره برگزاری نمایشگاه تخصصی صنعت نفت در اهواز.
4. محله: نامشخص"
[Video] 📹کشف دومین جسد مفقودین سیلاب در خوزستان ▪️جسد یکی از مفقودین سیلاب در باغملک خوزستان  [...],"شبکه خبری خوزستان

ارتباط با ما👇
@havaaye
رزرو آگهی و تبلیغات👇
@khz_34",📹کشف دومین جسد مفقودین سیلاب در خوزستان ▪️جسد یکی از مفقودین سیلاب در باغملک خوزستان کشف شد گفته می شود در پی وقوع سیلاب در خوزستان۵ نفر از شهروندان مفقود شده اند #اطلاع_رسانی_کنید ✅ اخبار  تعطیلی مدارس و‌ادارات و دانشگاه های خوزستان را دنبال کنید👇 https://t.me/khozkhabar https://t.me/khozkhabar,"
1. موضوع: امدادی
2. اولویت: High
3. اقدام: جستجو برای یافتن مفقودین احتمالی دیگر در مناطق سیل‌زده ادامه یابد.
4. محله: نامشخص"
[Photo] 📷 تصاویری از فعال شدن یک آتشفشان در ایتالیا#اطلاع_رسانی_کنید ✅ اخبار  تعطیلی مدارس و [...],"شبکه خبری خوزستان

ارتباط با ما👇
@havaaye
رزرو آگهی و تبلیغات👇
@khz_34",📷 تصاویری از فعال شدن یک آتشفشان در ایتالیا #اطلاع_رسانی_کنید ✅ اخبار  تعطیلی مدارس و‌ادارات و دانشگاه های خوزستان را دنبال کنید👇 https://t.me/khozkhabar https://t.me/khozkhabar,":
1. موضوع: امدادی
2. اولویت: High
3. اقدام: اطلاع‌رسانی درباره احتمال تعطیلی مدارس و ادارات خوزستان به دلیل فعالیت آتشفشان در ایتالیا.
4. محله: نامشخص"
[Video] 🎥 خودمراقبتی در تماس با فرد مبتلا به آنفلوآنز#اطلاع_رسانی_کنید ✅ اخبار  تعطیلی مدارس [...],"شبکه خبری خوزستان

ارتباط با ما👇
@havaaye
رزرو آگهی و تبلیغات👇
@khz_34",🎥 خودمراقبتی در تماس با فرد مبتلا به آنفلوآنز #اطلاع_رسانی_کنید ✅ اخبار  تعطیلی مدارس و‌ادارات و دانشگاه های خوزستان را دنبال کنید👇 https://t.me/khozkhabar https://t.me/khozkhabar,"1. موضوع: امدادی
2. اولویت: High
3. اقدام: اطلاع‌رسانی به شهروندان در خصوص پیشگیری از آنفلوآنزا و پیگیری اخبار تعطیلی‌ها ضروری است.
4. محله: نامشخص
"
🚨 #اطلاعیه 🔥تعطیلی بانک‌های شهر اهواز در روز سه‌شنبه🔹کمیسیون هماهنگی بانک‌های استان خوزستان [...],"شبکه خبری خوزستان

ارتباط با ما👇
@havaaye
رزرو آگهی و تبلیغات👇
@khz_34",🚨 #اطلاعیه 🔥تعطیلی بانک‌های شهر اهواز در روز سه‌شنبه 🔹کمیسیون هماهنگی بانک‌های استان خوزستان با صدور اطلاعیه‌ای اعلام کرد شعب بانک‌ها در روز سه‌شنبه در شهر اهواز تعطیل بوده و فقط شعب کشیک و منتخب بانک‌ها از ساعت ۸:۰۰ تا ۱۲:۰۰ مشغول خدمت رسانی می‌باشند. #اطلاع_رسانی_کنید اخبار تعطیلی مدارس و ادارات و دانشگاه های خوزستان را دنبال کنید👇 https://t.me/khozkhabar https://t.me/khozkhabar,"1. موضوع: شهری
2. اولویت: Medium
3. اقدام: اطلاع‌رسانی به شهروندان اهوازی درباره تعطیلی بانک‌ها در روز سه‌شنبه.
4. محله: نامشخص
"
[Video] اشکفت سلمان در ایذه و یک روز طوفانی😍#اطلاع_رسانی_کنید ✅ اخبار  تعطیلی مدارس و‌ادارات [...],"شبکه خبری خوزستان

ارتباط با ما👇
@havaaye
رزرو آگهی و تبلیغات👇
@khz_34",اشکفت سلمان در ایذه و یک روز طوفانی😍 #اطلاع_رسانی_کنید ✅ اخبار  تعطیلی مدارس و‌ادارات و دانشگاه های خوزستان را دنبال کنید👇 https://t.me/khozkhabar https://t.me/khozkhabar,"1. موضوع: شهری
2. اولویت: Medium
3. اقدام: اطلاع‌رسانی درباره تعطیلی مدارس و ادارات خوزستان انجام شود.
4. محله: نامشخص
"
[Photo] *🔴حضور شرکت نفت و گاز اروندان در شانزدهمین نمایشگاه تخصصی ساخت تجهیزات صنعت نفت خوزست [...],"شبکه خبری خوزستان

ارتباط با ما👇
@havaaye
رزرو آگهی و تبلیغات👇
@khz_34",*🔴حضور شرکت نفت و گاز اروندان در شانزدهمین نمایشگاه تخصصی ساخت تجهیزات صنعت نفت خوزستان* 💢شرکت نفت و گاز اروندان با هدف معرفی توانمندی‌ها، دستاوردها و ظرفیت‌های فنی و مهندسی خود، در شانزدهمین نمایشگاه تخصصی ساخت تجهیزات صنعت نفت خوزستان که از ۲۰ تا ۲۳ دی‌ماه در محل دائمی نمایشگاه‌های بین‌المللی خوزستان در اهواز برگزار می‌شود، حضور خواهد داشت. این شرکت در این رویداد تخصصی، ضمن تعامل با تولیدکنندگان و شرکت‌های داخلی و خارجی، بر توسعه همکاری‌ها و حمایت از ساخت داخل تأکید دارد. #اطلاع_رسانی_کنید ✅ اخبار  تعطیلی مدارس و‌ادارات و دانشگاه های خوزستان را دنبال کنید👇 https://t.me/khozkhabar https://t.me/khozkhabar,"1. موضوع: شهری
2. اولویت: Low
3. اقدام: شرکت نفت و گاز اروندان در نمایشگاه تخصصی صنعت نفت خوزستان شرکت می‌کند.
4. محله: نامشخص
"
[Video] 🎥 آسمان عراق سرخ شد🔹منابع محلی عراق از ورود طوفان شدید گرد و غبار از سمت سوریه به غر [...],"شبکه خبری خوزستان

ارتباط با ما👇
@havaaye
رزرو آگهی و تبلیغات👇
@khz_34",🎥 آسمان عراق سرخ شد 🔹منابع محلی عراق از ورود طوفان شدید گرد و غبار از سمت سوریه به غرب این کشور و تغییر رنگ آسمان خبر دادند. 🔹هواشناسی خوزستان نیز هشدار زرد ورود طوفان گرد و خاک به استان را هشدار داده است. #اطلاع_رسانی_کنید ✅ اخبار  تعطیلی مدارس و‌ادارات و دانشگاه های خوزستان را دنبال کنید👇 https://t.me/khozkhabar https://t.me/khozkhabar,"1. موضوع: محیط زیست
2. اولویت: Medium
3. اقدام: اطلاع‌رسانی درباره ورود طوفان گرد و غبار و احتمال تعطیلی مدارس و ادارات.
4. محله: نامشخص
"
[Photo] همتی رئیس بانک مرکزی می‌شود🔹معاون ارتباطات دفتر ‎رئیس‌جمهور: ‏با نظر و تصمیم ‎رئیس‌جم [...],"شبکه خبری خوزستان

ارتباط با ما👇
@havaaye
رزرو آگهی و تبلیغات👇
@khz_34",همتی رئیس بانک مرکزی می‌شود 🔹معاون ارتباطات دفتر ‎رئیس‌جمهور: ‏با نظر و تصمیم ‎رئیس‌جمهور عبدالناصر ‎همتی رئیس کل بانک مرکزی خواهد شد. #اطلاع_رسانی_کنید ✅ اخبار  تعطیلی مدارس و‌ادارات و دانشگاه های خوزستان را دنبال کنید👇 https://t.me/khozkhabar https://t.me/khozkhabar,"
1. موضوع: شهری
2. اولویت: Low
3. اقدام: انتصاب عبدالناصر همتی به ریاست کل بانک مرکزی اعلام شد.
4. محله: نامشخص"
[Video] #صدای_مردم سلام خسته نباشید هم اکنون شوشتر واقعا بعضی ازمحله هامون مثل دروازه، بالیگا، [...],"شبکه خبری خوزستان

ارتباط با ما👇
@havaaye
رزرو آگهی و تبلیغات👇
@khz_34",#صدای_مردم سلام خسته نباشید هم اکنون شوشتر واقعا بعضی ازمحله هامون مثل دروازه، بالیگا، بلوارکشاورز و....  عمیقا زیر آب هستن روستاهای اطرافمون مثل گوریه روستای ملکی سرداران وآبگرمک  هم همین طور مکان های میراث فرهنگیمون  رفته زیر آب بیچاره ها بچه ها وقتی میخوان برن مدرسه واقعا اذیت میشن لطفا به فکرشون باشید فرماندار شوشتر هیچ کاری برای بچه ها نمیکنه بچه هامون گناه دارن شوشتر یه شهریه ک پر از میراث فرهنگیه اما متاسفانه زیر پونزه و دیده نمیشه بی انصافیه خواهشا به اشتراک بذارید تا ببینن ویک فکری به حال ما مردم بیچاره ی، شوشترهم بکنن #اطلاع_رسانی_کنید ✅ اخبار  تعطیلی مدارس و‌ادارات و دانشگاه های خوزستان را دنبال کنید👇 https://t.me/khozkhabar https://t.me/khozkhabar,"1. موضوع: امدادی
2. اولویت: High
3. اقدام: بررسی و رفع فوری آبگرفتگی در محله‌های شوشتر و روستاهای اطراف، به‌ویژه تسهیل رفت و آمد دانش‌آموزان.
4. محله: دروازه، بالیگا (شوشتر)
"
🔥 سرطان و ناباروری از تبعات آلودگی هواسترییس مرکز روابط عمومی وزارت بهداشت:🔹️آلودگی هوا تهدی [...],"شبکه خبری خوزستان

ارتباط با ما👇
@havaaye
رزرو آگهی و تبلیغات👇
@khz_34",🔥 سرطان و ناباروری از تبعات آلودگی هواست رییس مرکز روابط عمومی وزارت بهداشت: 🔹️آلودگی هوا تهدیدی است که با افزایش سرطان ریه، سکته‌های مغزی، ناباروری و آسیب به کودکان ارتباط مستقیم دارد. 🔹️آلودگی هوا و تصادفات جاده‌ای، دو بحران بزرگ و پرهزینه برای نظام سلامت هستند. #اطلاع_رسانی_کنید ✅ اخبار  تعطیلی مدارس و‌ادارات و دانشگاه های خوزستان را دنبال کنید👇 https://t.me/khozkhabar https://t.me/khozkhabar,"1. موضوع: محیط زیست
2. اولویت: High
3. اقدام: بررسی و کاهش منابع آلودگی هوا در شهر ضروری است.
4. محله: نامشخص
"
#اطلاعیه_فوری🔥 غیرحضوری شدن مدارس شهرستان #باغملک در تمامی مقاطع تایم صبح روز سه‌شنبه🔹️ با ت [...],"شبکه خبری خوزستان

ارتباط با ما👇
@havaaye
رزرو آگهی و تبلیغات👇
@khz_34",#اطلاعیه_فوری 🔥 غیرحضوری شدن مدارس شهرستان #باغملک در تمامی مقاطع تایم صبح روز سه‌شنبه 🔹️ با تصمیم ستاد بحران شهرستان باغملک، ️کلیه مدارس شهرستان باغملک در تمامی مقاطع تایم #صبح روز #سه‌شنبه ۹دی‌ماه به صورت #غیرحضوری برگزار میشود. #اطلاع_رسانی_کنید ✅ اخبار  تعطیلی مدارس و‌ادارات و دانشگاه های خوزستان را دنبال کنید👇 https://eitaa.com/khozkhabar https://eitaa.com/khozkhabar,":
1. موضوع: شهری
2. اولویت: High
3. اقدام: مدارس باغملک در تایم صبح سه‌شنبه به صورت غیرحضوری برگزار می‌شوند.
4. محله: نامشخص"
[Photo] نشان ویژه روابط عمومی بحران به‌ویژه در جنگ تحمیلی ۱۲ روزه به روابط عمومی شرکت فولاد خو [...],"شبکه خبری خوزستان

ارتباط با ما👇
@havaaye
رزرو آگهی و تبلیغات👇
@khz_34",نشان ویژه روابط عمومی بحران به‌ویژه در جنگ تحمیلی ۱۲ روزه به روابط عمومی شرکت فولاد خوزستان در سمپوزیوم و جشنواره یادشده  ۱۴۰۴ با عنوان نقش و کارکردهای روابط عمومی راهبردی در بحران‌های جنگی در مرکز همایش‌های کتابخانه ملی ایران واقع در تهران برگزار شد، لوح و تندیس مدیر روابط عمومی برتر به محمد جامعی مدیر روابط عمومی اعطا شد که حسن شهیتی از کارشناسان این واحد به نیابت به‌روی سن رفته و لوح و نشان را دریافت نمود. در ابتدای مراسم، پیام دکتر مسعود پزشکیان رییس جمهوری اسلامی ایران به این دوره از سمپوزیوم قرائت شد. محمد گلزاری دبیر شورای اطلاع رسانی دولت گفت: پایداری در جنگ را خرده‌ روایت‌هایی که وظیفه روابط عمومی‌ها است، می‌سازد. #اطلاع_رسانی_کنید ✅ اخبار  تعطیلی مدارس و‌ادارات و دانشگاه های خوزستان را دنبال کنید👇 https://t.me/khozkhabar https://t.me/khozkhabar,"1. موضوع: متفرقه
2. اولویت: Low
3. اقدام: اطلاع‌رسانی درباره اخبار تعطیلی مدارس و ادارات خوزستان.
4. محله: نامشخص
"
♦️جاده مسجدسلیمان – هفتکل بازگشایی شد 🔹فرماندار مسجدسلیمان از بازگشایی موقت محور ارتباطی سی‌م [...],"شبکه خبری خوزستان

ارتباط با ما👇
@havaaye
رزرو آگهی و تبلیغات👇
@khz_34",♦️جاده مسجدسلیمان – هفتکل بازگشایی شد 🔹فرماندار مسجدسلیمان از بازگشایی موقت محور ارتباطی سی‌میلی به هفتکل با همکاری دستگاه‌های اجرایی خبر داد. #اطلاع_رسانی_کنید ✅ اخبار  تعطیلی مدارس و‌ادارات و دانشگاه های خوزستان را دنبال کنید👇 https://t.me/khozkhabar https://t.me/khozkhabar,"
1. موضوع: زیرساخت
2. اولویت: Medium
3. اقدام: جاده مسجدسلیمان به هفتکل به صورت موقت بازگشایی شد.
4. محله: نامشخص"
[Photo] #بانک_مهر_ایران را در شبکه های اجتماعی دنبال کنید🔸🔹🔸🔹🔸اینستاگرام : https://www.in [...],"شبکه خبری خوزستان

ارتباط با ما👇
@havaaye
رزرو آگهی و تبلیغات👇
@khz_34",#بانک_مهر_ایران را در شبکه های اجتماعی دنبال کنید 🔸🔹🔸🔹🔸 اینستاگرام : https://www.instagram.com/qbank24.ir/ تلگرام : https://t.me/mehreiran_bank بله : https://ble.ir/qmbnews ایتا : https://eitaa.com/bank_mehreiran 🔸🔹🔸🔹🔸 🆔 @qmbnews,"
1. موضوع: متفرقه
2. اولویت: Low
3. اقدام: اطلاع‌رسانی درباره صفحات اجتماعی بانک مهر ایران.
4. محله: نامشخص"
[Video] لحظات دلهره آور از خودروی گیر کرده در سیل خوزستان#اطلاع_رسانی_کنید ✅ اخبار  تعطیلی مد [...],"شبکه خبری خوزستان

ارتباط با ما👇
@havaaye
رزرو آگهی و تبلیغات👇
@khz_34",لحظات دلهره آور از خودروی گیر کرده در سیل خوزستان #اطلاع_رسانی_کنید ✅ اخبار  تعطیلی مدارس و‌ادارات و دانشگاه های خوزستان را دنبال کنید👇 https://t.me/khozkhabar https://t.me/khozkhabar,":
1. موضوع: امدادی
2. اولویت: High
3. اقدام: اطلاع‌رسانی درباره تعطیلی مدارس و ادارات خوزستان و امدادرسانی به خودروهای گرفتار در سیل.
4. محله: نامشخص"
🚨 #اطلاعیه_فوری🔥مدارس تایم صبح شهرستان صیدون هم نیز غیرحضوری شد🔹به اطلاع میرساند، با پیشنها [...],"شبکه خبری خوزستان

ارتباط با ما👇
@havaaye
رزرو آگهی و تبلیغات👇
@khz_34",🚨 #اطلاعیه_فوری 🔥مدارس تایم صبح شهرستان صیدون هم نیز غیرحضوری شد 🔹به اطلاع میرساند، با پیشنهاد رئیس اداره و موافقت فرماندار محترم، مدارس تایم صبح شهرستان صیدون #فردا سه‌شنبه ۹ دی‌ماه به صورت #غیرحضوری میباشند. #اطلاع_رسانی_کنید اخبار تعطیلی مدارس و ادارات و دانشگاه های خوزستان را دنبال کنید👇 https://t.me/khozkhabar https://t.me/khozkhabar,"1. موضوع: شهری
2. اولویت: Medium
3. اقدام: مدارس تایم صبح شهرستان صیدون فردا به صورت غیرحضوری خواهند بود.
4. محله: نامشخص
"
🚨 #فوری🔥باتصمیم کارگروه مدیریت بحران شهرستان #اندیکا فردا سه‌شنبه نهم دی‌ماه ۱۴۰۴ کلیه مدارس [...],"شبکه خبری خوزستان

ارتباط با ما👇
@havaaye
رزرو آگهی و تبلیغات👇
@khz_34",🚨 #فوری 🔥باتصمیم کارگروه مدیریت بحران شهرستان #اندیکا فردا سه‌شنبه نهم دی‌ماه ۱۴۰۴ کلیه مدارس بخش‌ چلو در تایم صبح و عصر تعطیل می‌باشند. #اطلاع_رسانی_کنید اخبار تعطیلی مدارس و ادارات و دانشگاه های خوزستان را دنبال کنید👇 https://t.me/khozkhabar https://t.me/khozkhabar,"
1. موضوع: امدادی
2. اولویت: High
3. اقدام: تعطیلی مدارس بخش چلو در اندیکا به دلیل تصمیم کارگروه مدیریت بحران.
4. محله: نامشخص"
#فوری 🔥غیرحضوری شدن مدارس برخی از شهرهای خوزستان در روز سه‌شنبه🔸#اهواز : تعطیلی مدارس و دانش [...],"شبکه خبری خوزستان

ارتباط با ما👇
@havaaye
رزرو آگهی و تبلیغات👇
@khz_34",#فوری 🔥غیرحضوری شدن مدارس برخی از شهرهای خوزستان در روز سه‌شنبه 🔸#اهواز : تعطیلی مدارس و دانشگاه‌ها 🔸#ایذه : کلیه مقاطع هردو شیفت 🔸#صیدون : کلیه مقاطع شیفت صبح 🔸#دزپارت : کلیه مقاطع هردو شیفت 🔸#باغملک : کلیه مقاطع شیفت صبح 🔸#بخش‌چلو_اندیکا :  کلیه مقاطع هردو شیفت #اطلاع_رسانی_کنید اخبار تعطیلی مدارس و ادارات و دانشگاه های خوزستان را دنبال کنید👇 https://t.me/khozkhabar https://t.me/khozkhabar,"1. موضوع: شهری
2. اولویت: High
3. اقدام: مدارس و دانشگاه‌های اهواز به دلیل شرایط اضطراری تعطیل شده‌اند.
4. محله: نامشخص
"
🔥تعطیلی تمام اداره‌ها، مدارس، دانشگاه‌ها و بانک‌های استان تهران برای فردا 🔹کارگروه مدیریت مص [...],"شبکه خبری خوزستان

ارتباط با ما👇
@havaaye
رزرو آگهی و تبلیغات👇
@khz_34",🔥تعطیلی تمام اداره‌ها، مدارس، دانشگاه‌ها و بانک‌های استان تهران برای فردا 🔹کارگروه مدیریت مصرف بهینه انرژی استان تهران از تعطیلی تمامی ادارات،موسسات دولتی،مراکز تجاری،مدارس،دانشگاههاومراکز آموزش عالی(تمامی امتحانات دانشگاه‌ها برقرارمی باشد)، بانک‌ها و شهرداریها به استثنای مراکز درمانی،امداد رسان  وخدماتی وشعب کشیک بانکها وانتظامی در روزچهارشنبه ۱۰دی ماه درسطح استان خبر داد و اعلام کرد: این تصمیم به علت برودت هوا و در راستای تامین انرژی اتخاذ شده است. #اطلاع_رسانی_کنید ✅ اخبار  تعطیلی مدارس و‌ادارات و دانشگاه های خوزستان را دنبال کنید👇 https://t.me/khozkhabar https://t.me/khozkhabar,"1. موضوع: شهری
2. اولویت: High
3. اقدام: تعطیلی ادارات، مدارس و بانک‌ها در استان تهران به دلیل برودت هوا اعلام شد.
4. محله: نامشخص
"
[Photo] 🔥نشان ویژه روابط عمومی بحران به‌ویژه در جنگ تحمیلی ۱۲ روزه به روابط عمومی شرکت فولاد  [...],"شبکه خبری خوزستان

ارتباط با ما👇
@havaaye
رزرو آگهی و تبلیغات👇
@khz_34",🔥نشان ویژه روابط عمومی بحران به‌ویژه در جنگ تحمیلی ۱۲ روزه به روابط عمومی شرکت فولاد خوزستان 🔹در سمپوزیوم و جشنواره یادشده  ۱۴۰۴ با عنوان نقش و کارکردهای روابط عمومی راهبردی در بحران‌های جنگی در مرکز همایش‌های کتابخانه ملی ایران واقع در تهران برگزار شد، لوح و تندیس مدیر روابط عمومی برتر به محمد جامعی مدیر روابط عمومی اعطا شد که حسن شهیتی از کارشناسان این واحد به نیابت به‌روی سن رفته و لوح و نشان را دریافت نمود. در ابتدای مراسم، پیام دکتر مسعود پزشکیان رییس جمهوری اسلامی ایران به این دوره از سمپوزیوم قرائت شد. محمد گلزاری دبیر شورای اطلاع رسانی دولت گفت: پایداری در جنگ را خرده‌ روایت‌هایی که وظیفه روابط عمومی‌ها است، می‌سازد. #اطلاع_رسانی_کنید ✅ اخبار  تعطیلی مدارس و‌ادارات و دانشگاه های خوزستان را دنبال کنید👇 https://t.me/khozkhabar https://t.me/khozkhabar,"1. موضوع: متفرقه
2. اولویت: Low
3. اقدام: اطلاع‌رسانی درباره اخبار تعطیلی مدارس و ادارات خوزستان.
4. محله: نامشخص
"
🔥مدارس نوبت عصر در شهرستان باغملک امروز سه‌شنبه ۹ دی تعطیل شد 🔸 بر اساس تصمیم کارگروه، فعالی [...],"شبکه خبری خوزستان

ارتباط با ما👇
@havaaye
رزرو آگهی و تبلیغات👇
@khz_34",🔥مدارس نوبت عصر در شهرستان باغملک امروز سه‌شنبه ۹ دی تعطیل شد 🔸 بر اساس تصمیم کارگروه، فعالیت تمامی مدارس شهرستان باغملک در نوبت عصر روز سه‌شنبه ۹ دی ماه به صورت غیرحضوری خواهد بود. #اطلاع_رسانی_کنید ✅ اخبار  تعطیلی مدارس و‌ادارات و دانشگاه های خوزستان را دنبال کنید👇 https://t.me/khozkhabar https://t.me/khozkhabar,"
1. موضوع: شهری
2. اولویت: Medium
3. اقدام: تعطیلی مدارس نوبت عصر در شهرستان باغملک به دلیل تصمیم کارگروه اعلام شد.
4. محله: نامشخص"
🔥همدان چهارشنبه تعطیل شداستانداری همدان:🔹با توجه به استمرار شرایط جوی حاکم بر استان شامل بار [...],"شبکه خبری خوزستان

ارتباط با ما👇
@havaaye
رزرو آگهی و تبلیغات👇
@khz_34",🔥همدان چهارشنبه تعطیل شد استانداری همدان: 🔹با توجه به استمرار شرایط جوی حاکم بر استان شامل بارش برف و کاهش دما، روز چهارشنبه ۱۰ دی‌ تمامی ادارات دولتی، مؤسسات عمومی، بانک‌ها، دانشگاه‌ها و مراکز آموزش عالی در سراسر استان همدان، به استثنای مراکز امدادی، درمانی و خدماتی تعطیل اعلام شد. #اطلاع_رسانی_کنید ✅ اخبار  تعطیلی مدارس و‌ادارات و دانشگاه های خوزستان را دنبال کنید👇 https://t.me/khozkhabar https://t.me/khozkhabar,":
1. موضوع: امدادی
2. اولویت: High
3. اقدام: تعطیلی ادارات و دانشگاه‌های همدان به دلیل شرایط جوی نامساعد اعلام شد.
4. محله: نامشخص"
[Video] 📹فیلم/لحظه دلهره آور فرونشست جاده ایذه_دهدز و سقوط کامیون#اطلاع_رسانی_کنید ✅ اخبار   [...],"شبکه خبری خوزستان

ارتباط با ما👇
@havaaye
رزرو آگهی و تبلیغات👇
@khz_34",📹فیلم/لحظه دلهره آور فرونشست جاده ایذه_دهدز و سقوط کامیون #اطلاع_رسانی_کنید ✅ اخبار  تعطیلی مدارس و‌ادارات و دانشگاه های خوزستان را دنبال کنید👇 https://t.me/khozkhabar https://t.me/khozkhabar,"
1. موضوع: زیرساخت
2. اولویت: High
3. اقدام: بررسی و ترمیم فوری جاده ایذه_دهدز برای جلوگیری از حوادث بیشتر ضروری است.
4. محله: نامشخص"
🔶در حال بروزرسانی...,"شبکه خبری خوزستان

ارتباط با ما👇
@havaaye
رزرو آگهی و تبلیغات👇
@khz_34",🔶در حال بروزرسانی... 🔥۱۳ استان فردا را تعطیل اعلام کردند استان های تعطیل شده تاکنون: ▫️تهران ▫️ همدان ▫️ قم ▫️البرز ▫️مرکزی ▫️ یزد ▫️لرستان ▫️خراسان شمالی ▫️خراسان رضوی ▫️کرمانشاه ▫️کردستان ▫️فارس ▫️سمنان #اطلاع_رسانی_کنید ✅ اخبار  تعطیلی مدارس و‌ادارات و دانشگاه های خوزستان را دنبال کنید👇 https://t.me/khozkhabar https://t.me/khozkhabar,"
1. موضوع: شهری
2. اولویت: Medium
3. اقدام: اطلاع‌رسانی درباره تعطیلی احتمالی مدارس، ادارات و دانشگاه‌ها در خوزستان ضروری است.
4. محله: نامشخص"
#فوری ❄️٢١ استان فردا را به علت برودت هوا تعطیل اعلام کردنداستان های تعطیل شده تاکنون:تهران هم [...],"شبکه خبری خوزستان

ارتباط با ما👇
@havaaye
رزرو آگهی و تبلیغات👇
@khz_34",#فوری ❄️٢١ استان فردا را به علت برودت هوا تعطیل اعلام کردند استان های تعطیل شده تاکنون: تهران همدان قم البرز مرکزی یزد لرستان خراسان شمالی خراسان رضوی کرمانشاه کردستان اردبیل زنجان ایلام کرمان کهگیلویه و بویراحمد فارس چهارمحال و بختیاری آذربایجان شرقی مازندران گیلان #اطلاع_رسانی_کنید ✅ اخبار  تعطیلی مدارس و‌ادارات و دانشگاه های خوزستان را دنبال کنید👇 https://t.me/khozkhabar https://t.me/khozkhabar,":
1. موضوع: امدادی
2. اولویت: High
3. اقدام: اطلاع‌رسانی درباره تعطیلی احتمالی مدارس، ادارات و دانشگاه‌ها در خوزستان ضروری است.
4. محله: نامشخص"
#فوری🔴 مدارس #ایذه #چهارشنبه ۱۰ دی‌ماه نیز غیرحضوری شدبه‌دلیل پاکسازی مدارس از گل‌ولای ناشی ا [...],"شبکه خبری خوزستان

ارتباط با ما👇
@havaaye
رزرو آگهی و تبلیغات👇
@khz_34",#فوری 🔴 مدارس #ایذه #چهارشنبه ۱۰ دی‌ماه نیز غیرحضوری شد به‌دلیل پاکسازی مدارس از گل‌ولای ناشی از سیلاب و کاهش دما به زیر صفر، تمامی مدارس شهرستان ایذه در نوبت صبح و عصر روز چهارشنبه به‌صورت غیرحضوری برگزار می‌شود. ✅ اخبار  تعطیلی مدارس و‌ادارات و دانشگاه های خوزستان را دنبال کنید👇 https://t.me/khozkhabar https://t.me/khozkhabar,"
1. موضوع: امدادی
2. اولویت: High
3. اقدام: تعطیلی مدارس ایذه به دلیل سیلاب و پاکسازی گل‌ولای اعلام شد.
4. محله: نامشخص"
#اطلاعیه_فوری 🔥با توجه به کاهش شدید دما و آثار به جا مانده از سیلاب در شهرهای خوزستان ، احتما [...],"شبکه خبری خوزستان

ارتباط با ما👇
@havaaye
رزرو آگهی و تبلیغات👇
@khz_34",#اطلاعیه_فوری 🔥با توجه به کاهش شدید دما و آثار به جا مانده از سیلاب در شهرهای خوزستان ، احتمال تعطیلی برخی شهرهای خوزستان وجود دارد. 🔷در صورت تعطیلی مدارس، دانشگاه ها و ادارات از طریق این کانال اطلاع رسانی خواهد شد. #اطلاع_رسانی_کنید ✅ اخبار  تعطیلی مدارس و‌ادارات و دانشگاه های خوزستان را دنبال کنید👇 https://t.me/khozkhabar https://t.me/khozkhabar,"
1. موضوع: امدادی
2. اولویت: High
3. اقدام: اطلاع‌رسانی در خصوص احتمال تعطیلی مدارس، دانشگاه‌ها و ادارات خوزستان به دلیل کاهش دما و سیلاب.
4. محله: نامشخص"
#فوری ❄️٢۶استان فردا را به علت برودت هوا تعطیل اعلام کردنداستان های تعطیل شده تاکنون:تهران همد [...],"شبکه خبری خوزستان

ارتباط با ما👇
@havaaye
رزرو آگهی و تبلیغات👇
@khz_34",#فوری ❄️٢۶استان فردا را به علت برودت هوا تعطیل اعلام کردند استان های تعطیل شده تاکنون: تهران همدان قم البرز مرکزی یزد لرستان خراسان شمالی خراسان رضوی کرمانشاه کردستان اردبیل زنجان ایلام کرمان کهگیلویه و بویراحمد قزوین فارس چهارمحال و بختیاری آذربایجان شرقی مازندران گلستان گیلان اصفهان سمنان آذرباریجان غربی #اطلاع_رسانی_کنید ✅ اخبار  تعطیلی مدارس و‌ادارات و دانشگاه های خوزستان را دنبال کنید👇 https://t.me/khozkhabar https://t.me/khozkhabar,"1. موضوع: شهری
2. اولویت: Medium
3. اقدام: اطلاع‌رسانی درباره تعطیلی مدارس، ادارات و دانشگاه‌های خوزستان ضروری است.
4. محله: نامشخص
"
🚨 #اطلاعیه🔥 کلیه مدارس دزپارت در دو تایم صبح و عصر چهارشنبه تعطیل هستند🔹به محض تعطیلی دیگر  [...],"شبکه خبری خوزستان

ارتباط با ما👇
@havaaye
رزرو آگهی و تبلیغات👇
@khz_34",🚨 #اطلاعیه 🔥 کلیه مدارس دزپارت در دو تایم صبح و عصر چهارشنبه تعطیل هستند 🔹به محض تعطیلی دیگر شهرهای خوزستان در همین کانال اطلاع رسانی خواهیم کرد #اطلاع_رسانی_کنید ✅ اخبار  تعطیلی مدارس و‌ادارات و دانشگاه های خوزستان را دنبال کنید👇 https://t.me/khozkhabar https://t.me/khozkhabar,"1. موضوع: شهری
2. اولویت: High
3. اقدام: تعطیلی مدارس دزپارت اهواز در روز چهارشنبه اعلام شد.
4. محله: دزپارت
"
🚨 #فوری🔥با تصمیم کارگروه مدیریت بحران شهرستان اندیکا فردا چهارشنبه دهم دی‌ماه ۱۴۰۴ کلیه مدار [...],"شبکه خبری خوزستان

ارتباط با ما👇
@havaaye
رزرو آگهی و تبلیغات👇
@khz_34",🚨 #فوری 🔥با تصمیم کارگروه مدیریت بحران شهرستان اندیکا فردا چهارشنبه دهم دی‌ماه ۱۴۰۴ کلیه مدارس بخش چلو در تایم صبح و عصر غیرحضوری می باشند. اطلاع رسانی کنید ✅ اخبار  تعطیلی مدارس و‌ادارات و دانشگاه های خوزستان را دنبال کنید👇 https://t.me/khozkhabar https://t.me/khozkhabar,":
1. موضوع: امدادی
2. اولویت: High
3. اقدام: مدارس بخش چلو در شهرستان اندیکا فردا به دلیل شرایط بحرانی غیرحضوری خواهند بود.
4. محله: نامشخص"
#فوری_مهم🔥آیا با تعطیلی شهرهای خوزستان در روز چهارشنبه بدلیل سرما موافق هستید؟👇👇https://wha [...],"شبکه خبری خوزستان

ارتباط با ما👇
@havaaye
رزرو آگهی و تبلیغات👇
@khz_34",#فوری_مهم 🔥آیا با تعطیلی شهرهای خوزستان در روز چهارشنبه بدلیل سرما موافق هستید؟👇👇 https://whatsapp.com/channel/0029VbBUidyG3R3nNW8spH0B/519,"1. موضوع: شهری
2. اولویت: Medium
3. اقدام: بررسی احتمال تعطیلی شهرها به دلیل سرما و نظر سنجی از شهروندان.
4. محله: نامشخص
"
#فوری 🔷️قابل توجه دانشجویان 🔥معاونت آموزشی وزارت علوم : دانشگاه‌ها و مؤسسات آموزش عالی مجاز  [...],"شبکه خبری خوزستان

ارتباط با ما👇
@havaaye
رزرو آگهی و تبلیغات👇
@khz_34",#فوری 🔷️قابل توجه دانشجویان 🔥معاونت آموزشی وزارت علوم : دانشگاه‌ها و مؤسسات آموزش عالی مجاز هستند کلاس‌های هفته پایانی نیمسال جاری را به‌صورت غیرحضوری برگزار کنند #اطلاع_رسانی_کنید اخبار تعطیلی مدارس و ادارات و دانشگاه های خوزستان را دنبال کنید👇 https://t.me/khozkhabar https://t.me/khozkhabar,"1. موضوع: شهری
2. اولویت: Medium
3. اقدام: دانشگاه‌ها و مؤسسات آموزش عالی خوزستان مجاز به برگزاری غیرحضوری کلاس‌های هفته پایانی هستند.
4. محله: نامشخص
"
#فوری 🔥لیست شهرهای تعطیل خوزستان / 10 دی 👇👇https://eitaa.com/khozkhabarhttps://eitaa.com/kh [...],"شبکه خبری خوزستان

ارتباط با ما👇
@havaaye
رزرو آگهی و تبلیغات👇
@khz_34",#فوری 🔥لیست شهرهای تعطیل خوزستان / 10 دی 👇👇 https://eitaa.com/khozkhabar https://eitaa.com/khozkhabar,"
1. موضوع: شهری
2. اولویت: High
3. اقدام: اطلاع‌رسانی درباره تعطیلی شهرها در خوزستان ضروری است.
4. محله: نامشخص
"
🚨#اطلاعیه_فوری 🔥مدارس #مسجدسلیمان در روز چهارشنبه تعطیل شدند🔹فرمانداری مسجدسلیمان: باتوجه ب [...],"شبکه خبری خوزستان

ارتباط با ما👇
@havaaye
رزرو آگهی و تبلیغات👇
@khz_34",🚨#اطلاعیه_فوری 🔥مدارس #مسجدسلیمان در روز چهارشنبه تعطیل شدند 🔹فرمانداری مسجدسلیمان: باتوجه به برودت هوا و با تصمیم کارگروه مدیریت بحران شهرستان فردا چهارشنبه دهم دی‌ماه ۱۴۰۴ فعالیت کلیه مدارس شهرستان  در دو نوبت صبح و عصر به صورت غیرحضوری خواهند بود #اطلاع_رسانی_کنید اخبار تعطیلی مدارس و ادارات و دانشگاه های خوزستان را دنبال کنید👇 https://eitaa.com/khozkhabar https://eitaa.com/khozkhabar,":
1. موضوع: امدادی
2. اولویت: High
3. اقدام: تعطیلی مدارس مسجدسلیمان به دلیل برودت هوا و برگزاری کلاس‌ها به صورت غیرحضوری.
4. محله: نامشخص (مسجدسلیمان یک شهر است، نه محله‌ی اهواز)"
#فوری 🔥لیست شهرهای تعطیل خوزستان / 10 دی 🔸 #دزپارت : کلیه مقاطع هردو شیفت🔸 #ایذه : کلیه مقا [...],"شبکه خبری خوزستان

ارتباط با ما👇
@havaaye
رزرو آگهی و تبلیغات👇
@khz_34",#فوری 🔥لیست شهرهای تعطیل خوزستان / 10 دی 🔸 #دزپارت : کلیه مقاطع هردو شیفت 🔸 #ایذه : کلیه مقاطع شیفت صبح 🔸 #بخش‌چلو_اندیکا : کلیه مقاطع دو شیفت 🔶️ #مسجدسلیمان دو نوبت صبح و عصر #اطلاع_رسانی_کنید اخبار تعطیلی مدارس و ادارات و دانشگاه های خوزستان را دنبال کنید👇 https://t.me/khozkhabar https://t.me/khozkhabar,"1. موضوع: شهری
2. اولویت: High
3. اقدام: اطلاع‌رسانی درباره تعطیلی مدارس و ادارات در خوزستان ضروری است.
4. محله: نامشخص
"
🔴پیش‌ بینی کاهش محسوس دما و یخ زدگی سطح زمین در خوزستان🔸محمد سبزه زاری گفت : بررسی نقشه‌های  [...],"شبکه خبری خوزستان

ارتباط با ما👇
@havaaye
رزرو آگهی و تبلیغات👇
@khz_34",🔴پیش‌ بینی کاهش محسوس دما و یخ زدگی سطح زمین در خوزستان 🔸محمد سبزه زاری گفت : بررسی نقشه‌های پیش یابی هواشناسی تا اواخر وقت امروز استان را تحت تاثیر سامانه بارشی نشان می‌دهد که سبب رگبار و رعدوبرق، وزش باد متوسط تا نسبتاً شدید همراه با تندباد‌های لحظه‌ای در نیمه شمالی و شرقی و بارش برف در ارتفاعات و احتمال ریزش تگرگ در نقاط مستعد خواهد شد. 🔸وی افزود : همچنین در قسمت‌های غربی، جنوبی و مرکزی وزش باد بصورت متوسط تا شدید همراه با تاثیر گرد و خاک عراقی پیش بینی می‌شود. 🔸سبزه زاری گفت : تا روز پنجشنبه شاهد کاهش محسوس دما در کل استان و یخ زدگی سطح زمین در مناطق شمالی و شرقی استان خواهیم بود. در این ایام وقوع پدیده مه یا مه رقیق صبحگاهی و شامگاهی بویژه در جاده‌های مواصلاتی استان سبب کاهش دید افقی خواهد شد. #اطلاع_رسانی_کنید ✅اخبار تعطیلی مدارس و ادارات و دانشگاه های خوزستان را دنبال کنید👇 https://t.me/khozkhabar https://t.me/khozkhabar,"
1. موضوع: امدادی
2. اولویت: High
3. اقدام: به شهروندان توصیه می‌شود در مناطق شمالی و شرقی خوزستان مراقب یخ‌زدگی سطح زمین باشند و در صورت لزوم از تردد غیرضروری خودداری کنند.
4. محله: نامشخص"
#اطلاعیه_فوری🔥مدارس نوبت صبح لالی تعطیل شد🔷با تصمیم کارگروه اضطرار هوا و مدیریت بحران شهرستا [...],"شبکه خبری خوزستان

ارتباط با ما👇
@havaaye
رزرو آگهی و تبلیغات👇
@khz_34",#اطلاعیه_فوری 🔥مدارس نوبت صبح لالی تعطیل شد 🔷با تصمیم کارگروه اضطرار هوا و مدیریت بحران شهرستان همچنین در پی برودت و سرمای هوا و افت شدید فشار گاز فردا چهارشنبه 10 دی ماه۱۴۰۴ مدارس شهرستان لالی در تمام مقاطع در تایم صبح به صورت غیر حضوری و در بستر شاد برگزار میگردند. #اطلاع_رسانی_کنید ✅اخبار تعطیلی مدارس و ادارات و دانشگاه های خوزستان را دنبال کنید👇 https://t.me/khozkhabar https://t.me/khozkhabar,"1. موضوع: شهری
2. اولویت: Medium
3. اقدام: تعطیلی مدارس لالی به دلیل برودت هوا و افت فشار گاز اعلام شد.
4. محله: نامشخص
"
#فوری_مهم🔥شهرهای غیرحضوری خوزستان / 10 دی 🔸 #دزپارت : کلیه مقاطع هردو شیفت🔸 #ایذه : کلیه مق [...],"شبکه خبری خوزستان

ارتباط با ما👇
@havaaye
رزرو آگهی و تبلیغات👇
@khz_34",#فوری_مهم 🔥شهرهای غیرحضوری خوزستان / 10 دی 🔸 #دزپارت : کلیه مقاطع هردو شیفت 🔸 #ایذه : کلیه مقاطع شیفت صبح 🔸 #بخش‌چلو_اندیکا : کلیه مقاطع دو شیفت 🔸 #مسجدسلیمان: کلیه مقاطع دو شیفت 🔸 #لالی: کلیه مقاطع شیفت صبح 🔹در حال بروز رسانی ... اخبار تعطیلی مدارس و ادارات و دانشگاه های خوزستان را دنبال کنید👇 https://t.me/khozkhabar https://t.me/khozkhabar,"
1. موضوع: شهری
2. اولویت: High
3. اقدام: اطلاع‌رسانی درباره تعطیلی مدارس و ادارات در برخی شهرهای خوزستان.
4. محله: نامشخص"
[Photo] 🌱هر روز خود را با بِسْمِ اللَّـهِ الرَّحْمَـٰنِ الرَّحِيمِ شروع کنید🗓 امروز چهارشنبه [...],"شبکه خبری خوزستان

ارتباط با ما👇
@havaaye
رزرو آگهی و تبلیغات👇
@khz_34",🌱هر روز خود را با بِسْمِ اللَّـهِ الرَّحْمَـٰنِ الرَّحِيمِ شروع کنید 🗓 امروز چهارشنبه 🔹۱۰ دی ۱۴۰۴  خورشیدی 🔹۱۰ رجب ۱۴۴۷   قمری 🔹30 دسامبر 2025  میلادی رویدادها: ▪️ولادت حضرت امام جوادالائمه(ع) ذکر روز(۱۰۰ مرتبه): 📿 یا حَیُّ یا قَیّومُ - ای زنده ای پاینده اوقات شرعی به افق اهواز: 🔸اذان صبح:            05:49 🔸اذان ظهر:             12:18 🔸اذان مغرب:          17:42 🔸نیمه‌شب شرعی:   23:36 #تقویم_روز #اطلاع_رسانی_کنید ✅ اخبار  تعطیلی مدارس و‌ادارات و دانشگاه های خوزستان را دنبال کنید👇 https://t.me/khozkhabar https://t.me/khozkhabar,"
1. موضوع: متفرقه
2. اولویت: Low
3. اقدام: اطلاع‌رسانی اوقات شرعی و رویدادهای روز به شهروندان اهوازی.
4. محله: نامشخص"
[Photo] آغاز یخبندان در بسیاری از نقاط کشور🔹امروز نوار شرقی کشور، ورزش باد و کاهش دما و ارتفا [...],"شبکه خبری خوزستان

ارتباط با ما👇
@havaaye
رزرو آگهی و تبلیغات👇
@khz_34",آغاز یخبندان در بسیاری از نقاط کشور 🔹امروز نوار شرقی کشور، ورزش باد و کاهش دما و ارتفاعات آذربایجان غربی بارش برف دارد. همچنین شاهد کاهش محسوس دما، همراه با یخبندان در بیشتر مناطق کشور هستیم. 🔹فردا در بیشتر مناطق کشور، روند افزایش دما رخ می‌دهد. اما همچنان طی روز پنجشنبه، ارتفاعات زاگرس مرکزی و ارتفاعات شمال‌غرب کشور به شکل پراکنده بارش برف دارند. #هواشناسی #اطلاع_رسانی_کنید ✅ اخبار  تعطیلی مدارس و‌ادارات و دانشگاه های خوزستان را دنبال کنید👇 https://t.me/khozkhabar https://t.me/khozkhabar,"
1. موضوع: هواشناسی
2. اولویت: Medium
3. اقدام: اطلاع‌رسانی درباره‌یخبندان و کاهش دما در مناطق مختلف کشور، به ویژه خوزستان.
4. محله: نامشخص"
[Photo] آب کافی بنوشید🔹اگر مایعات کافی در بدن وجود نداشته باشد، دچار سردرد ثانویه می‌شوید.,"شبکه خبری خوزستان

ارتباط با ما👇
@havaaye
رزرو آگهی و تبلیغات👇
@khz_34",آب کافی بنوشید 🔹اگر مایعات کافی در بدن وجود نداشته باشد، دچار سردرد ثانویه می‌شوید. یعنی به عنوان علامتی از یک مشکل دیگر در بدن (کم‌آبی) سردرد رخ می‌دهد. 🔹شدت سردردهای ناشی از کم آبی بدن می‌تواند زیاد و مانند سردردهای میگرنی باشد یا خفیف و قابل‌تحمل. بدن شما برای اینکه به‌درستی عمل کند، به آب و الکترولیت‌ها نیاز دارد. 🔹در بیشتر مواقع، با مصرف مایعات و مواد غذایی حاوی آب، کاهش مایعات و آب بدن جبران می‌شود. 🔹 روزانه هشت لیوان آب بنوشيد. 🔹 خیار، سبزیجات و میوه‌ها دارای مقادیری آب هستند و مصرف آنها برای جلوگیری از کم‌آبی بدن مفید است. #سالم_بمانیم #اطلاع_رسانی_کنید ✅ اخبار  تعطیلی مدارس و‌ادارات و دانشگاه های خوزستان را دنبال کنید👇 https://t.me/khozkhabar https://t.me/khozkhabar,"
1. موضوع: بهداشتی
2. اولویت: Medium
3. اقدام: برای جلوگیری از سردرد و حفظ سلامتی، روزانه به میزان کافی آب و مواد غذایی حاوی آب مصرف کنید.
4. محله: نامشخص"
♦️گزیده اخبار ۲۴ ساعت گذشته استان▪️با حضور مردم قدرشناس پیکر آیت الله سید علی شفیعی نماینده مر [...],"شبکه خبری خوزستان

ارتباط با ما👇
@havaaye
رزرو آگهی و تبلیغات👇
@khz_34",♦️گزیده اخبار ۲۴ ساعت گذشته استان ▪️با حضور مردم قدرشناس پیکر آیت الله سید علی شفیعی نماینده مردم استان در مجلس خبرگان رهبری تشییع ودرحرم علی بن مهزیاراهوازی به خاک سپرده شد. 💥استاندارخوزستان درپی جان باختن تعدادی ازشهروندان(5نفر) درسیلاب مناطق شمال وشرق استان پیام تسلیت صادرکرد. ❄️درارتفاعات دزپارت واندیکا بارش های بصورت برف بوده،مسیر برفگیر تاراز تا انتهای حوزه استان چهارمحال وبختیاری به علت بارش سنگین برف مسدود شد. 🌪️اداره کل هواشناسی نسبت به ورود گردوخاک به استان هشدار سطح نارنجی صادر کرد. 🚨فرماندار ایذه:مدارس شهرستان ایذه به علت شرایط پس از بارندگی فردا چهارشنبه غیرحضوری خواهند بود. 💢سرپرست بهداشت حمیدیه ازحضورگروه جهادی مرکزدرمانی علاج اهواز در روستا‌های شهرستان و ویزیت 300 نفرخبرداد. 📌مدیرعامل سد ونیروگاه مسجدسلیمان ازپایان موفقیت آمیزتعمیرات سالیانه واحد شماره 3 نیروگاه مسجدسلیمان خبرداد. 📍آرش نیک‌نژاد هنرمند خوزستانی مبدع سک تداعی برگزیده،بخش نقاشی دهمین جشنواره بین المللی  هنرآسمانی در قم شد. 🎼موسیقی مداراقتدار،تولید واحد شعر،موسیقی وسرود صدا وسیمای  خوزستان درمعاونت امور استان های سازمان صدا و سیما بعنوان یکی ازاثرات برتر وبرگزیده معرفی شد. 💠یعقوب لیث شخصیتی متکی به پشتوانه مردمی در برابر ظلم سرفرود نیاورد و به زبان فارسی جانی دوباره بخشید. ⛳️تیم ملی گلف با ترکیب سجاد کرم پور،سعید براتی،میلاد حاجی پور و قیس صفری زاده   چهار بازیکن خوزستانی عازم رنکینگ اوپن آماتور جهانی ترکیه شد. 🤼‍♂️مسابقات کشتی فرنگی جوانان قهرمانی کشوراز فردا به مدت سه روز به میزبانی اهواز برگزار می‌شود، قرعه کشی و جدول مسابقات  طبق اتحادیه جهانی کشتی  خواهد بود. 🏐تیم های کشت وصنعت نیشکرمیرزا کوچک خان و دعبل خزاعی به دوره مقدماتی مسابقات فوتسال کارگری کشور اعزام شدند. #گزیده_اخبار #اطلاع_رسانی_کنید ✅ اخبار  تعطیلی مدارس و‌ادارات و دانشگاه های خوزستان را دنبال کنید👇 https://t.me/khozkhabar https://t.me/khozkhabar,"
1. موضوع: شهری/امدادی/محیط زیستی
2. اولویت: Medium
3. اقدام: اطلاع‌رسانی درباره وضعیت سیل، گردوغبار و تعطیلی مدارس در خوزستان ضروری است.
4. محله: نامشخص"
[Photo] ♦️دادستان کل کشور: هرگونه تلاش برای تبدیل اعتراضات اقتصادی به ابزار ناامنی با واکنش قا [...],"شبکه خبری خوزستان

ارتباط با ما👇
@havaaye
رزرو آگهی و تبلیغات👇
@khz_34",♦️دادستان کل کشور: هرگونه تلاش برای تبدیل اعتراضات اقتصادی به ابزار ناامنی با واکنش قانونی مواجه خواهد شد حجت الاسلام موحدی آزاد: 🔹از منظر دستگاه قضایی، اعتراضات معیشتی مسالمت‌آمیز بخشی از واقعیت‌های اجتماعی و قابل درک بوده و باید از مسیر قانونی خود مورد توجه و پاسخ قرار گیرد. 🔹هرگونه تلاش برای تبدیل اعتراضات اقتصادی به ابزار ناامنی، تخریب اموال عمومی یا اجرای سناریوهای طراحی‌شده بیرونی، ناگزیر با واکنش قانونی، متناسب و قاطع مواجه خواهد شد. #اطلاع_رسانی_کنید ✅ اخبار  تعطیلی مدارس و‌ادارات و دانشگاه های خوزستان را دنبال کنید👇 https://t.me/khozkhabar https://t.me/khozkhabar,"
1. موضوع: شهری
2. اولویت: Medium
3. اقدام: دستگاه قضایی با اعتراضات مسالمت‌آمیز معیشتی برخورد نمی‌کند اما با هرگونه ناامنی و تخریب، قاطعانه مقابله خواهد کرد.
4. محله: نامشخص"
[Photo] 🔺راهنمای بقا در برف و کولاک!,"شبکه خبری خوزستان

ارتباط با ما👇
@havaaye
رزرو آگهی و تبلیغات👇
@khz_34",🔺راهنمای بقا در برف و کولاک! #اطلاع_رسانی_کنید ✅ اخبار  تعطیلی مدارس و‌ادارات و دانشگاه های خوزستان را دنبال کنید👇 https://t.me/khozkhabar https://t.me/khozkhabar,"
1. موضوع: امدادی
2. اولویت: High
3. اقدام: اطلاع‌رسانی درباره تعطیلی مدارس و ادارات خوزستان به دلیل برف و کولاک.
4. محله: نامشخص"
[Photo] 🔥 #هم_اکنون | بهبهان تنها شهری که در وضعیت #خطرناک  آلودگی هوا قرار دارد.,"شبکه خبری خوزستان

ارتباط با ما👇
@havaaye
رزرو آگهی و تبلیغات👇
@khz_34",🔥 #هم_اکنون | بهبهان تنها شهری که در وضعیت #خطرناک  آلودگی هوا قرار دارد. #اطلاع_رسانی_کنید ✅ اخبار  تعطیلی مدارس و‌ادارات و دانشگاه های خوزستان را دنبال کنید👇 https://t.me/khozkhabar https://t.me/khozkhabar,"
1. موضوع: محیط زیست
2. اولویت: High
3. اقدام: اطلاع‌رسانی درباره وضعیت خطرناک آلودگی هوا در بهبهان و احتمال تعطیلی مدارس و ادارات.
4. محله: نامشخص"
[Photo] ♦️ظهوریان نماینده مشهد: حقوق کارمندان حداقل بگیر ۵۰ درصد افزایش خواهد داشت!,"شبکه خبری خوزستان

ارتباط با ما👇
@havaaye
رزرو آگهی و تبلیغات👇
@khz_34",♦️ظهوریان نماینده مشهد: حقوق کارمندان حداقل بگیر ۵۰ درصد افزایش خواهد داشت! #اطلاع_رسانی_کنید ✅ اخبار  تعطیلی مدارس و‌ادارات و دانشگاه های خوزستان را دنبال کنید👇 https://t.me/khozkhabar https://t.me/khozkhabar,"
1. موضوع: شهری
2. اولویت: Medium
3. اقدام: اطلاع‌رسانی در مورد اخبار تعطیلی مدارس و ادارات خوزستان مورد نیاز است.
4. محله: نامشخص"
♦️خسارت هزار و ۸۰۰ میلیارد تومانی سیل به کشاورزی خوزستان🔹رئیس سازمان جهاد کشاورزی خوزستان با  [...],"شبکه خبری خوزستان

ارتباط با ما👇
@havaaye
رزرو آگهی و تبلیغات👇
@khz_34",♦️خسارت هزار و ۸۰۰ میلیارد تومانی سیل به کشاورزی خوزستان 🔹رئیس سازمان جهاد کشاورزی خوزستان با اشاره به خسارات گسترده بارندگی‌ها و آب‌گرفتگی‌های اخیر در استان، از واردشدن حدود هزار و ۸۰۰ میلیارد تومان خسارت به بخش کشاورزی خبر داد و گفت: خسارات کشاورزان سیل‌زده از طریق بیمه و حمایت‌های دولتی جبران می‌شود. #اطلاع_رسانی_کنید ✅ اخبار  تعطیلی مدارس و‌ادارات و دانشگاه های خوزستان را دنبال کنید👇 https://t.me/khozkhabar https://t.me/khozkhabar,"
1. موضوع: کشاورزی
2. اولویت: High
3. اقدام: جبران خسارات کشاورزان سیل‌زده از طریق بیمه و حمایت‌های دولتی در حال انجام است.
4. محله: نامشخص"
[Photo] 🔥احتکار بزرگ در بازار روغن▪️کارخانه‌های روغن عامل گران فروشی روغن🔹روغن این روزها در  [...],"شبکه خبری خوزستان

ارتباط با ما👇
@havaaye
رزرو آگهی و تبلیغات👇
@khz_34",🔥احتکار بزرگ در بازار روغن ▪️کارخانه‌های روغن عامل گران فروشی روغن 🔹روغن این روزها در خرده فروشی‌ها مشاهده نمی‌شود یا میزان عرضه آن به صورت قطره چکانی و محدود است. انجمن روغن نباتی در این ارتباط اعلام کرده است که ماده اولیه یا روغن خام آنها به پایان رسیده است، به طوری که برخی کارخانه‌های روغن تعطیل شده است یا در آستانه تعطیلی قرار دارد و خواستار تامین فوری روغن خام شده است. 🔹در عین حال رئیس اتحادیه بنکداران در گفتگو با خبرگزاری تسنیم اعلام کرد؛ کالاهایی که شرکت‌ها در اختیار دارند، متأسفانه به‌قیمت نامتعارف عرضه می‌شود و کارخانه‌های روغن را عامل گران فروشی روغن در بازار اعلام کرده است. 🔹در این ارتباط وزارت جهاد کشاورزی نیز اعلام کرده است که نه تنها کمبودی در عرضه روغن وجود ندارد بلکه میزان عرضه این محصول بیشتر از نیاز کشور است. #اطلاع_رسانی_کنید ✅ اخبار  تعطیلی مدارس و‌ادارات و دانشگاه های خوزستان را دنبال کنید👇 https://t.me/khozkhabar https://t.me/khozkhabar,"
1. موضوع: شهری
2. اولویت: High
3. اقدام: بررسی و کنترل بازار روغن و جلوگیری از احتکار و گران‌فروشی ضروری است.
4. محله: نامشخص"
[Video] 🎥اعتراف بی بی سی فارسی به دستکاری تصویر معروف این روزهای فضای مجازی 🔹 بی‌بی‌سی فارسی [...],"شبکه خبری خوزستان

ارتباط با ما👇
@havaaye
رزرو آگهی و تبلیغات👇
@khz_34",🎥اعتراف بی بی سی فارسی به دستکاری تصویر معروف این روزهای فضای مجازی 🔹 بی‌بی‌سی فارسی با انتشار گزارشی، تصویری را که به نمادی از اعتراضات اخیر تبدیل شده بود، مورد بررسی قرار داده و گفته است که این تصویر با واقعیت تفاوت داشته و با استفاده از هوش مصنوعی ساخته شده است. #اطلاع_رسانی_کنید ✅ اخبار  تعطیلی مدارس و‌ادارات و دانشگاه های خوزستان را دنبال کنید👇 https://t.me/khozkhabar https://t.me/khozkhabar,"
1. موضوع: متفرقه
2. اولویت: Low
3. اقدام: بررسی صحت تصاویر و اخبار منتشر شده در فضای مجازی ضروری است.
4. محله: نامشخص"
[Video] 🎥 برودت هوا در بسیاری از نقاط کشور🔹هواشناسی: دمای صبح امروز تهران منفی ۳ درجه بود.,"شبکه خبری خوزستان

ارتباط با ما👇
@havaaye
رزرو آگهی و تبلیغات👇
@khz_34",🎥 برودت هوا در بسیاری از نقاط کشور 🔹هواشناسی: دمای صبح امروز تهران منفی ۳ درجه بود. حداکثر دما امروز به ۶ درجه می‌رسد. 🔹دیشب، سردترین نقاط ایران شهرهای تکاب و سقز بودند که با دمای منفی ۲۲ درجه، رکورد پایین‌ترین دما را ثبت کردند. 🔹روز جمعه، علاوه‌بر ادامۀ بارش‌برف در استان‌های شمال‌غرب کشور، استان‌های قزوین، البرز و تهران نیز شاهد برف خواهند بود. #اطلاع_رسانی_کنید ✅ اخبار  تعطیلی مدارس و‌ادارات و دانشگاه های خوزستان را دنبال کنید👇 https://t.me/khozkhabar https://t.me/khozkhabar,"
1. موضوع: امدادی
2. اولویت: Medium
3. اقدام: اطلاع‌رسانی درباره‌ی احتمال تعطیلی مدارس و ادارات در خوزستان ضروری است.
4. محله: نامشخص"
♦️دستگیری عوامل مسدودسازی ورودی اداره برق اندیمشک🔹دادستان عمومی و انقلاب اندیمشک گفت: ۶ نفر ا [...],"شبکه خبری خوزستان

ارتباط با ما👇
@havaaye
رزرو آگهی و تبلیغات👇
@khz_34",♦️دستگیری عوامل مسدودسازی ورودی اداره برق اندیمشک 🔹دادستان عمومی و انقلاب اندیمشک گفت: ۶ نفر از عوامل مسدودکننده ورودی اداره برق این شهرستان با تخلیه خاک و گل، دستگیر و روانه زندان شدند. 🔹حسن سپهوند اظهار کرد: برق یکی از کارخانجات شن و ماسه شهرستان به دلیل پرداخت نکردن بدهی و نادیده گرفتن اخطار‌های متعدد قطع شد و این موضوع باعث ایجاد مشاجره میان کارکنان آن شرکت با کارمندان اداره برق شد. 🔹وی افزود: یکی از عوامل این کارخانه پس از مشاجره با کارکنان اداره برق از کارگران شرکت خواست مخلوط شن و خاک را با استفاده از خودروی سنگین کمپرسی در ورودی اداره برق تخلیه کنند. #اطلاع_رسانی_کنید ✅ اخبار  تعطیلی مدارس و‌ادارات و دانشگاه های خوزستان را دنبال کنید👇 https://t.me/khozkhabar https://t.me/khozkhabar,"
1. موضوع: شهری
2. اولویت: Medium
3. اقدام: دستگیری افرادی که ورودی اداره برق را مسدود کرده‌اند.
4. محله: نامشخص"
[Photo] ♦️آبگرفتگی به یک هزار واحد مسکونی در ایذه آسیب زداستاندار خوزستان:🔹 یک هزار واحد مسکو [...],"شبکه خبری خوزستان

ارتباط با ما👇
@havaaye
رزرو آگهی و تبلیغات👇
@khz_34",♦️آبگرفتگی به یک هزار واحد مسکونی در ایذه آسیب زد استاندار خوزستان: 🔹 یک هزار واحد مسکونی در شهر و روستاهای ایذه بر اثر وقوع سیلاب و آبگرفتگی بر اثر بارش باران اخیر آسیب دیدند که از این تعداد ۴۰۰ واحد در شهر و ۶۰۰ واحد در روستاها هستند. 🔹 چهار نفر در ایذه و یک نفر در باغملک بر اثر وقوع سیلاب جان خود را از دست دادند و مراتب همدردی دولت و شخص ریاست‌جمهوری به خانواده‌های داغدار ابلاغ شده است. #اطلاع_رسانی_کنید ✅ اخبار  تعطیلی مدارس و‌ادارات و دانشگاه های خوزستان را دنبال کنید👇 https://t.me/khozkhabar https://t.me/khozkhabar,"
1. موضوع: امدادی
2. اولویت: High
3. اقدام: بررسی و امدادرسانی به واحدهای مسکونی آسیب‌دیده و رسیدگی به وضعیت سیل‌زدگان در ایذه و باغملک ضروری است.
4. محله: نامشخص"
♦️حجم بارش‌های ۲۴ ساعت گذشته در ایستگاههای هواشناسی خوزستان🔹ایذه: ۷/۳ میلیمتر🔹دزپارت: ۵/۵ می [...],"شبکه خبری خوزستان

ارتباط با ما👇
@havaaye
رزرو آگهی و تبلیغات👇
@khz_34",♦️حجم بارش‌های ۲۴ ساعت گذشته در ایستگاههای هواشناسی خوزستان 🔹ایذه: ۷/۳ میلیمتر 🔹دزپارت: ۵/۵ میلیمتر 🔹بهبهان: ۳/۸ میلیمتر 🔹رامهرمز: ۲/۱ میلیمتر 🔹ماهشهر: ۱/۵ میلیمتر 🔹آغاجاری: ۱/۱ میلیمتر 🔹اندیمشک: ۳/. میلیمتر #اطلاع_رسانی_کنید ✅ اخبار  تعطیلی مدارس و‌ادارات و دانشگاه های خوزستان را دنبال کنید👇 https://t.me/khozkhabar https://t.me/khozkhabar,"
1. موضوع: محیط زیست
2. اولویت: Low
3. اقدام: اطلاع‌رسانی میزان بارش در ایستگاه‌های هواشناسی خوزستان انجام شد.
4. محله: نامشخص"
[Photo] ♦️بارش برف کم‌سابقه در ارتفاعات لالی🔹بارش برف کم‌سابقه در ارتفاعات شهرستان لالی، مناظ [...],"شبکه خبری خوزستان

ارتباط با ما👇
@havaaye
رزرو آگهی و تبلیغات👇
@khz_34",♦️بارش برف کم‌سابقه در ارتفاعات لالی 🔹بارش برف کم‌سابقه در ارتفاعات شهرستان لالی، مناظر زیبایی را در این منطقه پدید آورد. این بارش که از شب گذشته آغاز شده، روستاهای ده دی، سروند، ماه‌نو و باباروزبهان را سفیدپوش کرده است. 🔹بر اثر این بارش و سرمای شدید هوا، کلیه مدارس شهرستان لالی امروز تعطیل اعلام شده‌اند تا از بروز هرگونه حادثه‌ای برای دانش‌آموزان جلوگیری شود. #اطلاع_رسانی_کنید ✅ اخبار  تعطیلی مدارس و‌ادارات و دانشگاه های خوزستان را دنبال کنید👇 https://t.me/khozkhabar https://t.me/khozkhabar,"
1. موضوع: امدادی
2. اولویت: Medium
3. اقدام: تعطیلی مدارس در شهرستان لالی به دلیل بارش برف و سرمای شدید هوا اعلام شد.
4. محله: نامشخص"
[Video] تسهیلات متنوع ویپاد… وقت نیاز، با دستِ باز🍀انواع تسهیلات بدون ضامن ویپاد:💡تسهیلات پش [...],"شبکه خبری خوزستان

ارتباط با ما👇
@havaaye
رزرو آگهی و تبلیغات👇
@khz_34",تسهیلات متنوع ویپاد… وقت نیاز، با دستِ باز 🍀 انواع تسهیلات بدون ضامن ویپاد: 💡 تسهیلات پشتوانه 💡 تسهیلات برآیند 💡 تسهیلات پیمان ✅ از ۱ تا ۴۰۰ میلیون تومان ✅ بدون نیاز به ضامن ✅ کاملا آنلاین ✨ با تسهیلات متنوع ویپاد، دست شما برای انتخاب باز است… 💡 این ویدئو با کمک هوش مصنوعی ساخته شده است. ویپاد | دیجیتال‌بانک پاسارگاد 🍀 @wepod_app,"
1. موضوع: متفرقه
2. اولویت: Low
3. اقدام: اطلاع‌رسانی درباره ارائه تسهیلات مالی توسط ویپاد، بانک پاسارگاد.
4. محله: نامشخص
"
,"شبکه خبری خوزستان

ارتباط با ما👇
@havaaye
رزرو آگهی و تبلیغات👇
@khz_34",🔻 #پست_تبلیغاتی 🔻,"
1. موضوع: متفرقه
2. اولویت: Low
3. اقدام: این یک پست تبلیغاتی است و نیازی به اقدام فوری ندارد.
4. محله: نامشخص
"
[Photo] ♦️بیمارستان اندیکا وعده‌ای که نیمه‌کاره ماند🔹پروژه بیمارستان ۶۴ تخت‌خوابه اندیکا با و [...],"شبکه خبری خوزستان

ارتباط با ما👇
@havaaye
رزرو آگهی و تبلیغات👇
@khz_34",♦️بیمارستان اندیکا وعده‌ای که نیمه‌کاره ماند 🔹پروژه بیمارستان ۶۴ تخت‌خوابه اندیکا با وجود کلنگ‌زنی در سال ۱۴۰۲ و پیشرفت اولیه، پس از تغییر نماینده متوقف شد و همچنان در بلاتکلیفی قرار دارد؛ موضوعی که محرومیت درمانی مردم عشایری و روستانشین این شهرستان را تشدید کرده است. 🔹این پروژه سال‌هاست به یکی از اصلی‌ترین مطالبات مردمی این شهرستان تبدیل شده است؛ مطالبه‌ای حیاتی که با وجود وعده‌های مکرر مسئولان، همچنان بی‌پاسخ مانده و تحقق آن به رؤیایی دور از دسترس برای مردم منطقه بدل شده است. #اطلاع_رسانی_کنید ✅ اخبار  تعطیلی مدارس و‌ادارات و دانشگاه های خوزستان را دنبال کنید👇 https://t.me/khozkhabar https://t.me/khozkhabar,"
1. موضوع: شهری
2. اولویت: High
3. اقدام: پیگیری تکمیل پروژه بیمارستان اندیکا برای رفع محرومیت درمانی مردم منطقه ضروری است.
4. محله: اندیکا"
[Photo] ♦️همتی رسما رئیس بانک مرکزی شد🔹با رأی اعضای هیأت‌دولت در جلسه امروز «عبدالناصر همتی»  [...],"شبکه خبری خوزستان

ارتباط با ما👇
@havaaye
رزرو آگهی و تبلیغات👇
@khz_34",♦️همتی رسما رئیس بانک مرکزی شد 🔹با رأی اعضای هیأت‌دولت در جلسه امروز «عبدالناصر همتی» به عنوان رئیس‌کل بانک مرکزی معرفی شد. #اطلاع_رسانی_کنید ✅ اخبار  تعطیلی مدارس و‌ادارات و دانشگاه های خوزستان را دنبال کنید👇 https://t.me/khozkhabar https://t.me/khozkhabar,"
1. موضوع: متفرقه
2. اولویت: Low
3. اقدام: عبدالناصر همتی با رای هیئت دولت به عنوان رئیس کل بانک مرکزی منصوب شد.
4. محله: نامشخص"
[Photo] 🔺نرخ معاملات طلا و سکه و ارز در بازار امروز#اطلاع_رسانی_کنید ✅ اخبار  تعطیلی مدارس و [...],"شبکه خبری خوزستان

ارتباط با ما👇
@havaaye
رزرو آگهی و تبلیغات👇
@khz_34",🔺نرخ معاملات طلا و سکه و ارز در بازار امروز #اطلاع_رسانی_کنید ✅ اخبار  تعطیلی مدارس و‌ادارات و دانشگاه های خوزستان را دنبال کنید👇 https://t.me/khozkhabar https://t.me/khozkhabar,":
1. موضوع: متفرقه
2. اولویت: Low
3. اقدام: اطلاع‌رسانی درباره نرخ طلا، سکه و ارز و همچنین اخبار تعطیلی مدارس و ادارات خوزستان.
4. محله: نامشخص"
♦️هشدار نارنجی مه‌گرفتگی برای جاده‌های جنوبی خوزستاناداره‌کل هواشناسی خوزستان:🔹در هشدار سطح ن [...],"شبکه خبری خوزستان

ارتباط با ما👇
@havaaye
رزرو آگهی و تبلیغات👇
@khz_34",♦️هشدار نارنجی مه‌گرفتگی برای جاده‌های جنوبی خوزستان اداره‌کل هواشناسی خوزستان: 🔹در هشدار سطح نارنجی هواشناسی شماره ۴۵ امروز ۱۰ دی، وقوع پدیده مه یا مه رقیق و کاهش دید افقی پیش‌بینی شده است. 🔹 این پدیده جوی از امشب ۱۰ دی تا اواسط وقت شنبه ۱۳ دی در نیمه جنوبی، جنوب غربی و جاده‌های مواصلاتی استان خوزستان رخ خواهد داد و تردد در این محورها را با اختلال مواجه خواهد کرد. #اطلاع_رسانی_کنید ✅ اخبار  تعطیلی مدارس و‌ادارات و دانشگاه های خوزستان را دنبال کنید👇 https://t.me/khozkhabar https://t.me/khozkhabar,"
1. موضوع: امدادی
2. اولویت: High
3. اقدام: رانندگان در جاده‌های جنوبی خوزستان احتیاط لازم را به خرج دهند.
4. محله: نامشخص"
[Photo] ♦️عضوکمیسیون بهداشت: زنگ خطر گرانی دارو به صدا درآمده استباقرزاده:🔹زنگ خطر گرانی دارو [...],"شبکه خبری خوزستان

ارتباط با ما👇
@havaaye
رزرو آگهی و تبلیغات👇
@khz_34",♦️عضوکمیسیون بهداشت: زنگ خطر گرانی دارو به صدا درآمده است باقرزاده: 🔹زنگ خطر گرانی دارو و تجهیزات پزشکی به صدا درآمده است. 🔹با روند دیده شده در بودجه ۱۴۰۵ باید منتظر اتفاقات ناگوار در این عرصه بود. 🔹باید اقدام عاجل صورت گیرد. #اطلاع_رسانی_کنید ✅ اخبار  تعطیلی مدارس و‌ادارات و دانشگاه های خوزستان را دنبال کنید👇 https://t.me/khozkhabar https://t.me/khozkhabar,"
1. موضوع: بهداشت
2. اولویت: High
3. اقدام: بررسی و کنترل قیمت دارو و تجهیزات پزشکی ضروری است.
4. محله: نامشخص"
♦️وزیر ارتباطات: ۸۰ درصد مردم از فیلترشکن استفاده می‌کنند🔹استفاده بی‌رویه از فیلترشکن‌ها از ن [...],"شبکه خبری خوزستان

ارتباط با ما👇
@havaaye
رزرو آگهی و تبلیغات👇
@khz_34",♦️وزیر ارتباطات: ۸۰ درصد مردم از فیلترشکن استفاده می‌کنند 🔹استفاده بی‌رویه از فیلترشکن‌ها از نظر امنیتی برای کشور مشکل‌ ساز شده است. 🔹یکی از بزرگ‌ترین حملات سایبری به زیرساخت‌های ارتباطی کشور خنثی شد که به‌ صورت مقطعی باعث کندی اینترنت شد. #اطلاع_رسانی_کنید ✅ اخبار  تعطیلی مدارس و‌ادارات و دانشگاه های خوزستان را دنبال کنید👇 https://t.me/khozkhabar https://t.me/khozkhabar,"
1. موضوع: شهری
2. اولویت: Medium
3. اقدام: بررسی و تقویت امنیت زیرساخت‌های ارتباطی کشور ضروری است.
4. محله: نامشخص"
[Photo] ♦️سقف تراکنش با رمز دوم ثابت افزایش یافت🔹با اعلام بانک مرکزی، سقف تراکنش با رمز ثابت  [...],"شبکه خبری خوزستان

ارتباط با ما👇
@havaaye
رزرو آگهی و تبلیغات👇
@khz_34",♦️سقف تراکنش با رمز دوم ثابت افزایش یافت 🔹با اعلام بانک مرکزی، سقف تراکنش با رمز ثابت کارت‌های بانکی ۵۰۰ هزار تومان شد. #اطلاع_رسانی_کنید ✅ اخبار  تعطیلی مدارس و‌ادارات و دانشگاه های خوزستان را دنبال کنید👇 https://t.me/khozkhabar https://t.me/khozkhabar,"
1. موضوع: متفرقه
2. اولویت: Low
3. اقدام: بانک مرکزی سقف تراکنش با رمز دوم ثابت کارت‌های بانکی را افزایش داده است.
4. محله: نامشخص"
[Photo] تصویری بی نظیر ، دیدنی و فوق العاده از زمستان در شهر صیدون خوزستان#اطلاع_رسانی_کنید ✅ [...],"شبکه خبری خوزستان

ارتباط با ما👇
@havaaye
رزرو آگهی و تبلیغات👇
@khz_34",تصویری بی نظیر ، دیدنی و فوق العاده از زمستان در شهر صیدون خوزستان #اطلاع_رسانی_کنید ✅ اخبار  تعطیلی مدارس و‌ادارات و دانشگاه های خوزستان را دنبال کنید👇 https://t.me/khozkhabar https://t.me/khozkhabar,"
1. موضوع: شهری
2. اولویت: Low
3. اقدام: اطلاع‌رسانی درباره‌ی وضعیت آب و هوایی و احتمال تعطیلی مدارس و ادارات خوزستان.
4. محله: صیدون"
[Photo] ♦️پيش‌فروش سايپا و پارس خودرو به مناسبت ولادت حضرت علی (ع)، طرح عادی، جوانی و حمايت از [...],"شبکه خبری خوزستان

ارتباط با ما👇
@havaaye
رزرو آگهی و تبلیغات👇
@khz_34",♦️پيش‌فروش سايپا و پارس خودرو به مناسبت ولادت حضرت علی (ع)، طرح عادی، جوانی و حمايت از خانواده و طرح فرسوده #اطلاع_رسانی_کنید ✅ اخبار  تعطیلی مدارس و‌ادارات و دانشگاه های خوزستان را دنبال کنید👇 https://t.me/khozkhabar https://t.me/khozkhabar,"
1. موضوع: شهری
2. اولویت: Low
3. اقدام: سایپا و پارس خودرو پیش‌فروش خود را به مناسبت ولادت حضرت علی (ع) آغاز کرده‌اند.
4. محله: نامشخص"
♦️مصوبۀ کمیسیون تلفیق برای افزایش ۲۱ تا ۴۳ درصدی حقوق کارمندان🔹سخنگوی کمیسیون تلفیق بودجه از  [...],"شبکه خبری خوزستان

ارتباط با ما👇
@havaaye
رزرو آگهی و تبلیغات👇
@khz_34",♦️مصوبۀ کمیسیون تلفیق برای افزایش ۲۱ تا ۴۳ درصدی حقوق کارمندان 🔹سخنگوی کمیسیون تلفیق بودجه از تصویب افزایش حقوق کارمندان به‌صورت پلکانی معکوس خبر داد. جزئیات مصوبه چیست؟ 🔸افزایش حقوق در بازۀ ۲۱ تا ۴۳ درصد خواهد بود. 🔸بیشترین افزایش برای حقوق‌های زیر ۲۰ میلیون تومان است. 🔸درصد افزایش برای حقوق‌های بالاتر، کمتر است. معافیت مالیاتی چقدر است؟ 🔹حقوق تا ۴۰ میلیون تومان کاملاً معاف از مالیات است. 🔹مازاد بر ۴۰ میلیون تومان به‌صورت پلکانی مشمول مالیات می‌شود. 🖼مثلا اگر کسی حقوق ۴۵ میلیون تومان بگیرد، فقط ۵ میلیون تومان مشمول مالیات پلکانی است. 🔹این تصمیم پس از تصویب نهایی در صحن علنی و تایید شورای نگهبان اجرایی خواهد شد. ‌#اطلاع_رسانی_کنید ✅ اخبار  تعطیلی مدارس و‌ادارات و دانشگاه های خوزستان را دنبال کنید👇 https://t.me/khozkhabar https://t.me/khozkhabar,"
1. موضوع: شهری
2. اولویت: Medium
3. اقدام: اطلاع‌رسانی در خصوص مصوبه افزایش حقوق کارمندان و معافیت‌های مالیاتی جدید.
4. محله: نامشخص"
[Photo] 🔥شهردار آبادان به اتهام جرایم مالی بازداشت شددادستان آبادان گفت:🔹شهردار آبادان روز گ [...],"شبکه خبری خوزستان

ارتباط با ما👇
@havaaye
رزرو آگهی و تبلیغات👇
@khz_34",🔥شهردار آبادان به اتهام جرایم مالی بازداشت شد دادستان آبادان گفت: 🔹شهردار آبادان روز گذشته به اتهام جرائم مالی دستگیر و تحویل مراجع ذی صلاح شده است. 🔹یاسین کاوه پور اواخر آبان ۱۴۰۱ از سوی شورای شهر به عنوان شهردار آبادان انتخاب و معرفی شد. #اطلاع_رسانی_کنید ✅ اخبار  تعطیلی مدارس و‌ادارات و دانشگاه های خوزستان را دنبال کنید👇 https://t.me/khozkhabar https://t.me/khozkhabar,"
1. موضوع: شهری
2. اولویت: High
3. اقدام: شهردار آبادان به دلیل اتهامات مالی بازداشت شده و تحت پیگرد قانونی قرار دارد.
4. محله: نامشخص"
#فوری 🔥شهروندان از قطعی آب در برخی مناطق شهر اهواز و شهرهای همجوار خبر می دهند.,"شبکه خبری خوزستان

ارتباط با ما👇
@havaaye
رزرو آگهی و تبلیغات👇
@khz_34",#فوری 🔥شهروندان از قطعی آب در برخی مناطق شهر اهواز و شهرهای همجوار خبر می دهند. #اطلاع_رسانی_کنید ✅ اخبار  تعطیلی مدارس و‌ادارات و دانشگاه های خوزستان را دنبال کنید👇 https://t.me/khozkhabar https://t.me/khozkhabar,"
1. موضوع: امدادی
2. اولویت: High
3. اقدام: بررسی علت قطعی آب و رفع سریع مشکل ضروری است.
4. محله: نامشخص"
[Photo] ♦️تلگرام به‌صورت خودکار در کانال‌ های مختلف، اقدام به نمایش تبلیغات می‌کند.,"شبکه خبری خوزستان

ارتباط با ما👇
@havaaye
رزرو آگهی و تبلیغات👇
@khz_34",♦️تلگرام به‌صورت خودکار در کانال‌ های مختلف، اقدام به نمایش تبلیغات می‌کند. امروز نیز چنین تبلیغاتی در کانال صابرین و چندین کانال خبری دیگر از جمله کانال صداوسیما مشاهده شده است. این تبلیغات توسط خود پلتفرم تلگرام مدیریت می‌شود و خارج از کنترل مدیران کانال است. متأسفانه امکان غیرفعال کردن یا حذف این تبلیغات نیز وجود ندارد. 🔹در صورت مشاهده تبلیغات، روی علامت ضربدر (×) در گوشه تبلیغ کلیک کنید و گزینه Report ad (گزارش تبلیغ) را انتخاب کنید. #اطلاع_رسانی_کنید ✅ اخبار  تعطیلی مدارس و‌ادارات و دانشگاه های خوزستان را دنبال کنید👇 https://t.me/khozkhabar https://t.me/khozkhabar,"
1. موضوع: متفرقه
2. اولویت: Low
3. اقدام: در صورت مشاهده تبلیغات در تلگرام، آن را گزارش دهید.
4. محله: نامشخص"
♦️تصادف دو پراید در محور شوش اهواز ۷ نفر مصدوم شدندرئیس اورژانس  پیش‌بیمارستانی دانشگاه علوم پ [...],"شبکه خبری خوزستان

ارتباط با ما👇
@havaaye
رزرو آگهی و تبلیغات👇
@khz_34",♦️تصادف دو پراید در محور شوش اهواز ۷ نفر مصدوم شدند رئیس اورژانس  پیش‌بیمارستانی دانشگاه علوم پزشکی جندی‌شاپور اهواز: 🔹امروز گزارشی مبنی بر وقوع سانحه ترافیکی در کیلومتر ۲۰ محور شوش–اهواز، به مرکز ارتباطات اورژانس پیش‌بیمارستانی اعلام شد، که تیم‌های عملیاتی اورژانس در کوتاه‌ترین زمان ممکن به محل حادثه اعزام شدند. 🔹در پی برخورد دو دستگاه خودروی پراید، مجموعاً ۷ نفر دچار آسیب‌دیدگی شدند، که ۶ نفر برای ادامه روند درمان به بیمارستان نظام مافی شوش منتقل شدند. #اطلاع_رسانی_کنید ✅ اخبار  تعطیلی مدارس و‌ادارات و دانشگاه های خوزستان را دنبال کنید👇 https://t.me/khozkhabar https://t.me/khozkhabar,"
1. موضوع: امدادی
2. اولویت: High
3. اقدام: اعزام تیم‌های اورژانس به محل حادثه و انتقال مصدومین به بیمارستان.
4. محله: نامشخص"
♦️پیش بینی افزایش دما در خوزستان از فردامدیرکل هواشناسی خوزستان گفت:🔹 در بررسی نقشه های پیش ی [...],"شبکه خبری خوزستان

ارتباط با ما👇
@havaaye
رزرو آگهی و تبلیغات👇
@khz_34",♦️پیش بینی افزایش دما در خوزستان از فردا مدیرکل هواشناسی خوزستان گفت: 🔹 در بررسی نقشه های پیش یابی هواشناسی، توده هوای سرد تا فردا سبب کاهش محسوس دما در کل استان و وقوع دماهای صفر و زیر صفر و یخ زدگی سطح زمین در مناطق شمالی و شرقی استان خواهد شد و سپس از اواسط وقت فردا تا روز جمعه روند افزایش ۳ تا ۵ درجه ای دما در سطح استان مورد انتظار است. 🔹وی افزود: همچنین تا اوایل هفته آینده وقوع پدیده مه یا مه رقیق صبحگاهی و شامگاهی بویژه در مناطق جنوبی و غربی و مرکزی و جاده های مواصلاتی استان سبب کاهش دید افقی خواهد شد. شمال خلیج فارس نیز تا اواخر وقت فردا مواج پیش بینی می شود.از اواسط وقت فردا تا اواخر وقت شنبه احتمال بارش های پراکنده برف و باران در ارتفاعات استان وجود دارد. #اطلاع_رسانی_کنید ✅ اخبار  تعطیلی مدارس و‌ادارات و دانشگاه های خوزستان را دنبال کنید👇 https://t.me/khozkhabar https://t.me/khozkhabar,"
1. موضوع: محیط زیست
2. اولویت: Medium
3. اقدام: به شهروندان توصیه می‌شود با توجه به کاهش دما و احتمال یخ‌زدگی، تمهیدات لازم را انجام دهند.
4. محله: نامشخص"
[Video] 🎥برف بازی در منطقه امام زاده عبدالله - صیدون#اطلاع_رسانی_کنید ✅ اخبار  تعطیلی مدارس  [...],"شبکه خبری خوزستان

ارتباط با ما👇
@havaaye
رزرو آگهی و تبلیغات👇
@khz_34",🎥برف بازی در منطقه امام زاده عبدالله - صیدون #اطلاع_رسانی_کنید ✅ اخبار  تعطیلی مدارس و‌ادارات و دانشگاه های خوزستان را دنبال کنید👇 https://t.me/khozkhabar https://t.me/khozkhabar,"
1. موضوع: محیط زیست
2. اولویت: Low
3. اقدام: اطلاع‌رسانی درباره وضعیت آب و هوا و احتمال تعطیلی مدارس و ادارات.
4. محله: کوت عبدالله"
[Photo] ♦️نقره؛ درخشان‌ترین دارایی سال ۲۰۲۵🔹نقره در سال ۲۰۲۵، ۱۶۱ درصد رشد کرد و برای اولین ب [...],"شبکه خبری خوزستان

ارتباط با ما👇
@havaaye
رزرو آگهی و تبلیغات👇
@khz_34",♦️نقره؛ درخشان‌ترین دارایی سال ۲۰۲۵ 🔹نقره در سال ۲۰۲۵، ۱۶۱ درصد رشد کرد و برای اولین بار قیمت آن از ۸۰ دلار به ازای هر اونس گذشت، در حالی که طلا تنها ۶۶ درصد افزایش یافت. #اطلاع_رسانی_کنید ✅ اخبار  تعطیلی مدارس و‌ادارات و دانشگاه های خوزستان را دنبال کنید👇 https://t.me/khozkhabar https://t.me/khozkhabar,"
1. موضوع: متفرقه
2. اولویت: Low
3. اقدام: اطلاع‌رسانی درباره اخبار تعطیلی مدارس و ادارات خوزستان.
4. محله: نامشخص"
#فوری 🔥شهروندان همچنان از قطعی آب مناطق مختلف شهر اهواز خبر می دهندمنتظر پاسخگویی مسئولین شرک [...],"شبکه خبری خوزستان

ارتباط با ما👇
@havaaye
رزرو آگهی و تبلیغات👇
@khz_34",#فوری 🔥شهروندان همچنان از قطعی آب مناطق مختلف شهر اهواز خبر می دهند منتظر پاسخگویی مسئولین شرکت آبفا هستیم... #اطلاع_رسانی_کنید ✅ اخبار  تعطیلی مدارس و‌ادارات و دانشگاه های خوزستان را دنبال کنید👇 https://t.me/khozkhabar https://t.me/khozkhabar,"
1. موضوع: زیرساخت
2. اولویت: High
3. اقدام: بررسی و رفع قطعی آب در مناطق مختلف شهر اهواز در اولویت قرار گیرد.
4. محله: نامشخص"
[Video] 🎥 یارانه ۷۰۰ هزار تومانی چه زمانی قرار است پرداخت شود؟رئیس سازمان برنامه و بودجه:🔹در [...],"شبکه خبری خوزستان

ارتباط با ما👇
@havaaye
رزرو آگهی و تبلیغات👇
@khz_34",🎥 یارانه ۷۰۰ هزار تومانی چه زمانی قرار است پرداخت شود؟ رئیس سازمان برنامه و بودجه: 🔹در حال گفتگو هستند که ارز ترجیحی را برای مردم حفظ کنیم ولی آن را به مردم بدهیم. 🔹وقتی برنج خارجی را ۲۸ هزار تومان وارد می کنیم و از برنج داخلی حمایتی نمی کنیم، یعنی داریم از برنج خارجی حمایت می کنیم. #اطلاع_رسانی_کنید ✅ اخبار  تعطیلی مدارس و‌ادارات و دانشگاه های خوزستان را دنبال کنید👇 https://t.me/khozkhabar https://t.me/khozkhabar,"
1. موضوع: متفرقه
2. اولویت: Low
3. اقدام: اطلاع‌رسانی درباره زمان پرداخت یارانه ۷۰۰ هزار تومانی در حال بررسی است.
4. محله: نامشخص"
[Video] 🎥دغدغه فروشندگان تلفن همراه و یارانه همراه با التهاب بازار ارز#اطلاع_رسانی_کنید ✅ اخ [...],"شبکه خبری خوزستان

ارتباط با ما👇
@havaaye
رزرو آگهی و تبلیغات👇
@khz_34",🎥دغدغه فروشندگان تلفن همراه و یارانه همراه با التهاب بازار ارز #اطلاع_رسانی_کنید ✅ اخبار  تعطیلی مدارس و‌ادارات و دانشگاه های خوزستان را دنبال کنید👇 https://t.me/khozkhabar https://t.me/khozkhabar,"
1. موضوع: شهری
2. اولویت: Medium
3. اقدام: اطلاع‌رسانی درباره اخبار تعطیلی مدارس و ادارات خوزستان ضروری است.
4. محله: نامشخص"
#صدای_مردم از دیشب ساعت‌های نزدیک ۹ شب، آب در شهرستان کارون قطع شده تا همین الان.,"شبکه خبری خوزستان

ارتباط با ما👇
@havaaye
رزرو آگهی و تبلیغات👇
@khz_34",#صدای_مردم از دیشب ساعت‌های نزدیک ۹ شب، آب در شهرستان کارون قطع شده تا همین الان. تکلیف چیه؟ تا کی قراره قطع باشه؟ چرا قبلش اطلاع نمیدن؟ ما بچه داریم و این شرایط واقعا برامون سخته. هر جا رو هم که می‌بینم اصلا کسی چیزی راجبش ننوشته. #اطلاع_رسانی_کنید ✅ اخبار  تعطیلی مدارس و‌ادارات و دانشگاه های خوزستان را دنبال کنید👇 https://t.me/khozkhabar https://t.me/khozkhabar,"
1. موضوع: امدادی
2. اولویت: High
3. اقدام: بررسی علت قطعی آب و زمان رفع آن در شهرستان کارون ضروری است.
4. محله: نامشخص"
#جهت_اطلاع🔥شیبان ، زرگان، اکباتان، کارون، شهرک برق و سایر مناطق مشکل قطعی آب دارند#اطلاع_رسان [...],"شبکه خبری خوزستان

ارتباط با ما👇
@havaaye
رزرو آگهی و تبلیغات👇
@khz_34",#جهت_اطلاع 🔥شیبان ، زرگان، اکباتان، کارون، شهرک برق و سایر مناطق مشکل قطعی آب دارند #اطلاع_رسانی_کنید ✅ اخبار  تعطیلی مدارس و‌ادارات و دانشگاه های خوزستان را دنبال کنید👇 https://t.me/khozkhabar https://t.me/khozkhabar,":
1. موضوع: زیرساخت
2. اولویت: High
3. اقدام: بررسی و رفع مشکل قطعی آب در مناطق ذکر شده ضروری است.
4. محله: شیبان، زرگان، اکباتان، کارون، شهرک برق"
#اطلاعیه_مهم 🔥کاهش موقت تولید آب آشامیدنی در برخی مناطق اهواز به دلیل سیلاب و افزایش کدورت🔸ش [...],"شبکه خبری خوزستان

ارتباط با ما👇
@havaaye
رزرو آگهی و تبلیغات👇
@khz_34",#اطلاعیه_مهم 🔥کاهش موقت تولید آب آشامیدنی در برخی مناطق اهواز به دلیل سیلاب و افزایش کدورت 🔸شرکت آب و فاضلاب اهواز از کاهش ظرفیت تولید آب آشامیدنی در برخی از نقاط این شهر به دلیل سیلاب و افزایش کدورت آب خبر داد. 🔸 در پی بروز سیلاب در بالادست و افزایش قابل‌ملاحظه کدورت آب خام، به‌منظور انجام عملیات لایروبی و اورهال تاسیسات و تصفیه‌خانه آب گلستان، برخی از مناطق اهواز تا اطلاع ثانوی با کاهش ظرفیت و تولید آب مواجه خواهند بود. #اطلاع_رسانی_کنید ✅ اخبار  تعطیلی مدارس و‌ادارات و دانشگاه های خوزستان را دنبال کنید👇 https://t.me/khozkhabar https://t.me/khozkhabar,"
1. موضوع: زیرساخت
2. اولویت: High
3. اقدام: شرکت آب و فاضلاب اهواز در حال لایروبی و اورهال تصفیه‌خانه آب گلستان است.
4. محله: گلستان"
[Photo] ⚽️رونمایی از مهاجم برزیلی جدید فولاد؛ کاستا از رفسنجان به اهواز 🔹متئوس کاستا، وینگر  [...],"شبکه خبری خوزستان

ارتباط با ما👇
@havaaye
رزرو آگهی و تبلیغات👇
@khz_34",⚽️رونمایی از مهاجم برزیلی جدید فولاد؛ کاستا از رفسنجان به اهواز 🔹متئوس کاستا، وینگر برزیلی که در نیم‌فصل نخست لیگ برتر عملکرد موثری در مس رفسنجان داشت، با قراردادی رسمی به فولاد خوزستان پیوست. #اطلاع_رسانی_کنید ✅ اخبار  تعطیلی مدارس و‌ادارات و دانشگاه های خوزستان را دنبال کنید👇 https://t.me/khozkhabar https://t.me/khozkhabar,"
1. موضوع: شهری
2. اولویت: Low
3. اقدام: یک بازیکن جدید به تیم فولاد خوزستان پیوست.
4. محله: نامشخص"
🔥بازداشت ۷ عنصر وابسته به گروهک‌های معاند🔹یک منبع مطلع در وزارت اطلاعات از شناسایی و بازداشت [...],"شبکه خبری خوزستان

ارتباط با ما👇
@havaaye
رزرو آگهی و تبلیغات👇
@khz_34",🔥بازداشت ۷ عنصر وابسته به گروهک‌های معاند 🔹یک منبع مطلع در وزارت اطلاعات از شناسایی و بازداشت ۷ نفر از عناصر وابسته به گروهک‌های معاند خبر داد. 🔹به‌گفتۀ این منبع، ۵ نفر از بازداشت‌شدگان با سرپل سلطنت‌طلبان مستقر در آمریکا در ارتباط بوده‌اند و ۲ نفر دیگر نیز به گروهک‌های معاند مستقر در اروپا وابسته بوده‌اند. 🔹همچنین ۱۰۰ قبضه کلت کمری قاچاق که در پوشش کالای کوله‌بری وارد کشور شده بود، کشف و عوامل ورود این سلاح‌ها نیز بازداشت شدند. 🔹براساس بررسی‌های اولیه، مأموریت این عناصر به خشونت کشاندن تجمعات اعتراضی در کشور بوده است. #اطلاع_رسانی_کنید ✅ اخبار  تعطیلی مدارس و‌ادارات و دانشگاه های خوزستان را دنبال کنید👇 https://t.me/khozkhabar https://t.me/khozkhabar,"
1. موضوع: شهری
2. اولویت: High
3. اقدام: دستگیری افراد مرتبط با گروه‌های معاند و کشف سلاح‌های غیرقانونی برای جلوگیری از ناآرامی.
4. محله: نامشخص"
♦️وزیر بهداشت: تعرفه‌های جدید پزشکی هنوز در دولت تصویب نشده است🔹محمدرضا ظفرقندی، وزیر بهداشت، [...],"شبکه خبری خوزستان

ارتباط با ما👇
@havaaye
رزرو آگهی و تبلیغات👇
@khz_34",♦️وزیر بهداشت: تعرفه‌های جدید پزشکی هنوز در دولت تصویب نشده است 🔹محمدرضا ظفرقندی، وزیر بهداشت، درمان و آموزش پزشکی با اشاره به روند تعیین تعرفه‌های پزشکی گفت: پیشنهاد تعرفه‌ها هنوز مسیر قانونی خود را طی نکرده و در دولت به تصویب نرسیده است. #اطلاع_رسانی_کنید ✅ اخبار  تعطیلی مدارس و‌ادارات و دانشگاه های خوزستان را دنبال کنید👇 https://t.me/khozkhabar https://t.me/khozkhabar,"
1. موضوع: شهری
2. اولویت: Medium
3. اقدام: پیگیری تصویب تعرفه‌های جدید پزشکی در دولت انجام شود.
4. محله: نامشخص"
♦️اگر به دهک‌بندیتان اعتراض دارید، در «سامانه حمایت» ثبت اعتراض کنیدسخنگوی دولت:🔹️ هرسه ماه ی [...],"شبکه خبری خوزستان

ارتباط با ما👇
@havaaye
رزرو آگهی و تبلیغات👇
@khz_34",♦️اگر به دهک‌بندیتان اعتراض دارید، در «سامانه حمایت» ثبت اعتراض کنید سخنگوی دولت: 🔹️ هرسه ماه یکبار دهک‌ها بازبینی می‌شود اما در عین حال سامانه فعالی وجود دارد به نام حمایت که شهروندانی که نسبت به دهک‌بندی‌شان اعتراض دارند، در این سامانه ثبت اعتراض کنند‌ تا بررسی شود. #اطلاع_رسانی_کنید ✅ اخبار  تعطیلی مدارس و‌ادارات و دانشگاه های خوزستان را دنبال کنید👇 https://t.me/khozkhabar https://t.me/khozkhabar,"
1. موضوع: شهری
2. اولویت: Medium
3. اقدام: شهروندان می‌توانند اعتراضات مربوط به دهک‌بندی خود را در سامانه حمایت ثبت کنند.
4. محله: نامشخص"
[Video] 📹آسیب های آبی شاهکار ماندگار ساسانی ها در شوشتر باعث نجات این شهر از سیل شد❤️#اطلاع_ر [...],"شبکه خبری خوزستان

ارتباط با ما👇
@havaaye
رزرو آگهی و تبلیغات👇
@khz_34",📹آسیب های آبی شاهکار ماندگار ساسانی ها در شوشتر باعث نجات این شهر از سیل شد❤️ #اطلاع_رسانی_کنید ✅ اخبار  تعطیلی مدارس و‌ادارات و دانشگاه های خوزستان را دنبال کنید👇 https://t.me/khozkhabar https://t.me/khozkhabar,"
1. موضوع: زیرساخت
2. اولویت: High
3. اقدام: بررسی و ترمیم فوری آسیب‌های آبی شوشتر برای حفظ این اثر تاریخی و جلوگیری از مشکلات احتمالی در آینده ضروری است.
4. محله: نامشخص (شوشتر یک شهر است، نه محله‌ی اهواز)"
🚨 #مـــــهم  🚨 به مناسبت روز پدر، سایت ملی گلد  با ثبت نام طلای رایگان هدیه میده 😍😍( فقط ب [...],"شبکه خبری خوزستان

ارتباط با ما👇
@havaaye
رزرو آگهی و تبلیغات👇
@khz_34",🚨 #مـــــهم 🚨 به مناسبت روز پدر، سایت ملی گلد با ثبت نام طلای رایگان هدیه میده 😍😍 ( فقط با شماره تلفن و کد ملی ) کاملا معتبره، با خیال راحت ثبت نام کنید😍👇 https://melligold.com/pwa/account/?ref=MGzg5gYdD7H3 ✅ همین حالا ثبت‌نام کن! از دستش ندی☝️,"
1. موضوع: متفرقه
2. اولویت: Low
3. اقدام: اطلاع‌رسانی درباره یک پیشنهاد تبلیغاتی برای ثبت‌نام در یک سایت.
4. محله: نامشخص
"
#اطلاعیه_فوری🔹قابل توجه دانشجویان 🔥کلاس‌های دانشگاه آزاد غیرحضوری شد🔹️به علت تداوم برودت هو [...],"شبکه خبری خوزستان

ارتباط با ما👇
@havaaye
رزرو آگهی و تبلیغات👇
@khz_34",#اطلاعیه_فوری 🔹قابل توجه دانشجویان 🔥کلاس‌های دانشگاه آزاد غیرحضوری شد 🔹️به علت تداوم برودت هوا ‌‌و مشکلات ناشی از ناترازی انرژی در کل کشور، کلاس‌های آموزشی دانشجویان دانشگاه آزاد اسلامی در روزهای پنج‌شنبه ۱۱ دی‌ماه و جمعه ۱۲ دی‌ماه به صورت غیرحضوری برگزار خواهد شد. #اطلاع_رسانی_کنید ✅ اخبار  تعطیلی مدارس و‌ادارات و دانشگاه های خوزستان را دنبال کنید👇 https://t.me/khozkhabar https://t.me/khozkhabar,"
1. موضوع: شهری
2. اولویت: Medium
3. اقدام: دانشگاه آزاد کلاس‌ها را به دلیل برودت هوا و مشکلات انرژی غیرحضوری اعلام کرد.
4. محله: نامشخص"
,"شبکه خبری خوزستان

ارتباط با ما👇
@havaaye
رزرو آگهی و تبلیغات👇
@khz_34",#فوری، رسما وارد سال 2026 شدیم 🎄,":
1. موضوع: متفرقه
2. اولویت: Low
3. اقدام: این یک پست غیر مرتبط با مسائل شهری است و نیازی به اقدام ندارد.
4. محله: نامشخص
"
[Photo] 🌱هر روز خود را با بِسْمِ اللَّـهِ الرَّحْمَـٰنِ الرَّحِيمِ شروع کنید🗓 امروز پنج‌شنبه [...],"شبکه خبری خوزستان

ارتباط با ما👇
@havaaye
رزرو آگهی و تبلیغات👇
@khz_34",🌱هر روز خود را با بِسْمِ اللَّـهِ الرَّحْمَـٰنِ الرَّحِيمِ شروع کنید 🗓 امروز پنج‌شنبه 🔹۱۱ دی ۱۴۰۴  خورشیدی 🔹۱۱ رجب ۱۴۴۷   قمری 🔹1 ژانویه 2026  میلادی رویدادها: ▪️آغاز سال نو میلادی ذکر روز(۱۰۰ مرتبه): 📿 لا إِلهَ إِلَّا اللَّهُ المَلِک الحقّ المُبین - نیست خدایی جز الله فرمانروای حق و آشکار اوقات شرعی به افق اهواز: 🔸اذان صبح:            05:49 🔸اذان ظهر:             12:19 🔸اذان مغرب:          17:42 🔸نیمه‌شب شرعی:   23:36 #تقویم_روز #اطلاع_رسانی_کنید ✅ اخبار  تعطیلی مدارس و‌ادارات و دانشگاه های خوزستان را دنبال کنید👇 https://t.me/khozkhabar https://t.me/khozkhabar,"1. موضوع: متفرقه
2. اولویت: Low
3. اقدام: اطلاع‌رسانی اوقات شرعی و رویدادهای روز به شهروندان اهواز.
4. محله: نامشخص
"
[Video] محققان:خواب قوی‌ترین داروی طبیعته.,"شبکه خبری خوزستان

ارتباط با ما👇
@havaaye
رزرو آگهی و تبلیغات👇
@khz_34",محققان: خواب قوی‌ترین داروی طبیعته. یعنی اگه سرساعت بخوابید و خواب کاملی داشته باشید ۹۹ درصد مشکلات بدنتون حل میشه. بیشتر شدن بیماری ها در نسل جدید به خاطر اینکه نسل امروز؛ نسل شب زنده دارن! #سالم_بمانیم #اطلاع_رسانی_کنید ✅ اخبار  تعطیلی مدارس و‌ادارات و دانشگاه های خوزستان را دنبال کنید👇 https://t.me/khozkhabar https://t.me/khozkhabar,":
1. موضوع: بهداشت و سلامت
2. اولویت: Low
3. اقدام: بر اهمیت خواب کافی و سرساعت برای حفظ سلامتی تاکید شده است.
4. محله: نامشخص"
[Photo] افزایش دما در بیشتر مناطق کشور🔹امروز در برخی مناطق آذربایجان غربی، آذربایجان شرقی و ا [...],"شبکه خبری خوزستان

ارتباط با ما👇
@havaaye
رزرو آگهی و تبلیغات👇
@khz_34",افزایش دما در بیشتر مناطق کشور 🔹امروز در برخی مناطق آذربایجان غربی، آذربایجان شرقی و اردبیل و همچنین در ارتفاعات زاگرس مرکزی افزایش ابر و بارش برف پیش‌بینی می‌شود. با وجود کاهش محسوس دما در روزهای گذشته انتظار می‌رود امروز در بیشتر مناطق کشور دمای هوا به‌طور نسبی افزایش یابد. 🔹فردا با ورود سامانه بارشی از شمال‌غرب، غرب، ارتفاعات و دامنه‌های البرز غربی و نیز ارتفاعات البرز مرکزی و شرقی و بخش‌هایی از زاگرس مرکزی بارش برف، وزش باد و کاهش نسبی دما روی می‌دهد، همچنین با نفوذ جریانات شمالی به سواحل دریای خزر، در استان‌های گیلان، مازندران و غرب گلستان بارش باران، وزش باد و افت دما پیش‌بینی می‌شود. #هواشناسی #اطلاع_رسانی_کنید ✅ اخبار  تعطیلی مدارس و‌ادارات و دانشگاه های خوزستان را دنبال کنید👇 https://t.me/khozkhabar https://t.me/khozkhabar,"1. موضوع: هواشناسی
2. اولویت: Medium
3. اقدام: اطلاع‌رسانی به شهروندان در خصوص افزایش دما و سپس ورود سامانه بارشی و کاهش دما.
4. محله: نامشخص
"
♦️گزیده اخبار ۲۴ ساعت گذشته استان  💠استاندار خوزستان با حضور در شهرستان های ایذه ومسجدسلیمان  [...],"شبکه خبری خوزستان

ارتباط با ما👇
@havaaye
رزرو آگهی و تبلیغات👇
@khz_34",♦️گزیده اخبار ۲۴ ساعت گذشته استان 💠استاندار خوزستان با حضور در شهرستان های ایذه ومسجدسلیمان ،روند خسارت وارده به این مناطق آسیب دیده را مورد بررسی قرار داد. 💢مدیریت بحران از مردم استان خواست از تردد و اسکان درحاشیه رودخانه ها ومسیل ها برای جلوگیری از حواث احتمالی خودداری کنند. 🚨مرکزمدیریت راه‌های اداره‌کل راهداری و حمل‌ونقل جاده‌ای استان؛ بر خودداری رانندگان از تردد‌های غیر ضروری در جاده‌ها،باتوجه به پیش بینی وقوع مه و کاهش دید افقی تاکید کرد. ❄️اداره کل هواشناسی نسبت به وقوع مه و کاهش دید افقی در برخی مناطق استان از امروز تا شنبه هشدار سطح نارنجی صادر کرد. 📍درآستانه ایام اعتکاف حدود600مسجد در سطح استان برای میزبانی از معتکفان آماده می شوند. 🌼درآستانه سالگرد شهادت سردار دلها  24هزار شاخه گل نرگس  به نیابت از شهدای کربلای خوزستان  از یادمان سردار هور به کرمان ارسال شد. 🎋رئیس سازمان جهاد کشاورزی با اشاره به خسارات گسترده بارندگی‌ها و آب‌گرفتگی‌های اخیر در استان، از واردشدن حدود هزار و هشتصد میلیارد تومان خسارت به بخش کشاورزی خبر داد. 📍مدرسه پانزده کلاسه شهید تندگویان در کوی دستغیب بندر امام  با اعتباری بیش از هشتاد وهشت میلیارد تومان  با مشارکت پتروشیمی شهید تندگویان آغاز شد. 🎞️پنج فیلم کوتاه ازسینماگران خوزستانی  برای نمایش دربخش مسابقه،جشنواره بین‌المللی وآکادمیک سومرعراق انتخاب شدند. 🚤فرمانده انتظامی ماهشهرازکشف بیش از9هزارلیترسوخت قاچاق ازنوع گازوئیل دراین شهرستان خبرداد. 🥋درنوزدهمین دوره سوپر لیگ کاراته؛با حضور ۸ تیم مناطق نفت خیزجنوب  با تیم های لایف استار، شائولین آوای رزم وپاس فراجا  رقابت خواهد کرد. 🥊در پایان رقابت‌های بوکس قهرمانی بزرگسالان کشور و آماده‌ سازی تیم ملی  رضا فضلی  نشان نقره و امیرحسین احمدی پور و محمد قاطع نشان برنز را کسب کردند. 🏀هفته نهم لیگ حرفه‌ای دسته یک بسکتبال؛با حضور 20 تیم برگزارمی شود که  نفت امیدیه میزبان گاز تهران  خواهد بود. 🏀درهفته پانزدهم لیگ برتر بسکتبال؛پالایش نفت آبادان روز دوشنبه  ساعت 16 با گلنور اصفهان دیدار خواهد کرد. 🎽مسابقات چهارجانبه جنوب غرب کارکنان فنی وحرفه ای کشور  در شش رشته ورزشی در اهواز برگزار شد. #گزیده_اخبار #اطلاع_رسانی_کنید ✅ اخبار  تعطیلی مدارس و‌ادارات و دانشگاه های خوزستان را دنبال کنید👇 https://t.me/khozkhabar https://t.me/khozkhabar,"
1. موضوع: متفرقه
2. اولویت: Medium
3. اقدام: مدیریت بحران از مردم خواست از تردد در حاشیه رودخانه‌ها خودداری کنند.
4. محله: نامشخص"
[Video] 🎥 هنگام آتش‌سوزی و حادثه از آسانسور استفاده نکنید#اطلاع_رسانی_کنید ✅ اخبار  تعطیلی م [...],"شبکه خبری خوزستان

ارتباط با ما👇
@havaaye
رزرو آگهی و تبلیغات👇
@khz_34",🎥 هنگام آتش‌سوزی و حادثه از آسانسور استفاده نکنید #اطلاع_رسانی_کنید ✅ اخبار  تعطیلی مدارس و‌ادارات و دانشگاه های خوزستان را دنبال کنید👇 https://t.me/khozkhabar https://t.me/khozkhabar,"
1. موضوع: امدادی
2. اولویت: High
3. اقدام: در زمان آتش‌سوزی و حوادث، از استفاده از آسانسور خودداری کنید و اطلاع‌رسانی کنید.
4. محله: نامشخص"
[Photo] 🔹مسمومیت بیش از ۳۰ نفر بر اثر گازگرفتگی در چاراویماق🔹نشت گاز مونوکسیدکربن در یکی از  [...],"شبکه خبری خوزستان

ارتباط با ما👇
@havaaye
رزرو آگهی و تبلیغات👇
@khz_34",🔹مسمومیت بیش از ۳۰ نفر بر اثر گازگرفتگی در چاراویماق 🔹نشت گاز مونوکسیدکربن در یکی از تالارهای پذیرایی شهرستان چاراویماق آذربایجان شرقی ، باعث مسمومیت دسته‌ جمعی بیش از ۳۰ نفر از مهمانان مراسم عروسی شد. 🔹این افراد با حالت تهوع و سرگیجه که از علایم گازگرفتگی بود به بیمارستان مراجعه کردند که پس از دریافت مراقبت‌های اولیه با حال عمومی مساعد از بیمارستان ترخیص شدند. #اطلاع_رسانی_کنید ✅ اخبار  تعطیلی مدارس و‌ادارات و دانشگاه های خوزستان را دنبال کنید👇 https://t.me/khozkhabar https://t.me/khozkhabar,"
1. موضوع: امدادی
2. اولویت: High
3. اقدام: بررسی و رفع نشتی گاز مونوکسیدکربن در تالارهای پذیرایی ضروری است.
4. محله: نامشخص"
[Video] 🎥 امروز دما تا حدودی افزایش می‌یابدهواشناسی:🔹امروز در اردبیل، آذربایجان‌شرقی و غربی، [...],"شبکه خبری خوزستان

ارتباط با ما👇
@havaaye
رزرو آگهی و تبلیغات👇
@khz_34",🎥 امروز دما تا حدودی افزایش می‌یابد هواشناسی: 🔹امروز در اردبیل، آذربایجان‌شرقی و غربی، زنجان، کردستان، کرمانشاه، لرستان، شمال خوزستان و چهارمحال برف و باران و وزش باد پیش‌بینی می‌شود. 🔹از فردا مجددا دما در شمال‌غرب و بخش‌های شمالی کشور کاهش می‌یابد. #اطلاع_رسانی_کنید ✅ اخبار  تعطیلی مدارس و‌ادارات و دانشگاه های خوزستان را دنبال کنید👇 https://t.me/khozkhabar https://t.me/khozkhabar,"1. موضوع: محیط زیست
2. اولویت: Medium
3. اقدام: اطلاع‌رسانی درباره پیش‌بینی وضعیت آب و هوای شمال خوزستان و احتمال بارش برف و باران.
4. محله: نامشخص
"
[Photo] 🔥 #هم_اکنون | اهواز در وضعیت قرمز و شهرهای بهبهان، کارون، هندیجان و اندیمشک در وضعیت  [...],"شبکه خبری خوزستان

ارتباط با ما👇
@havaaye
رزرو آگهی و تبلیغات👇
@khz_34",🔥 #هم_اکنون | اهواز در وضعیت قرمز و شهرهای بهبهان، کارون، هندیجان و اندیمشک در وضعیت نارنجی آلودگی هوا قرار دارند. #اطلاع_رسانی_کنید ✅ اخبار  تعطیلی مدارس و‌ادارات و دانشگاه های خوزستان را دنبال کنید👇 https://t.me/khozkhabar https://t.me/khozkhabar,"
1. موضوع: محیط زیست
2. اولویت: High
3. اقدام: اطلاع‌رسانی درباره وضعیت آلودگی هوا و احتمال تعطیلی مدارس و ادارات ضروری است.
4. محله: نامشخص"
[Video] 🎥 لحظه‌ی آغاز سال ۲۰۲۶ در سیدنی استرالیا#اطلاع_رسانی_کنید ✅ اخبار  تعطیلی مدارس و‌اد [...],"شبکه خبری خوزستان

ارتباط با ما👇
@havaaye
رزرو آگهی و تبلیغات👇
@khz_34",🎥 لحظه‌ی آغاز سال ۲۰۲۶ در سیدنی استرالیا #اطلاع_رسانی_کنید ✅ اخبار  تعطیلی مدارس و‌ادارات و دانشگاه های خوزستان را دنبال کنید👇 https://t.me/khozkhabar https://t.me/khozkhabar,"1. موضوع: شهری
2. اولویت: Medium
3. اقدام: اطلاع‌رسانی درباره تعطیلی مدارس، ادارات و دانشگاه‌های خوزستان در دست بررسی است.
4. محله: نامشخص
"
🔥هشدار متخصص کودکان: آلودگی هوا رشد مغزی کودکان را به مخاطره می‌اندازدعلی فرجی متخصص بیماری‌ه [...],"شبکه خبری خوزستان

ارتباط با ما👇
@havaaye
رزرو آگهی و تبلیغات👇
@khz_34",🔥هشدار متخصص کودکان: آلودگی هوا رشد مغزی کودکان را به مخاطره می‌اندازد علی فرجی متخصص بیماری‌های کودکان و عضو هیات مدیره انجمن پزشکان ایران: 🔹مواجهه با این آلاینده‌ها در سنین پایین، به طور مستقیم بر حافظه، هوش و توان یادگیری کودکان در آینده تاثیر منفی گذاشته و سالانه شمار قابل توجهی از مرگ‌ومیرهای کودکان نیز با این پدیده مرتبط است. 🔹علاوه بر ایجاد مشکلات تنفسی اولیه مانند آسم در کودکان، وجود آلاینده‌هایی نظیر سرب و سایر مواد سمی در هوا می‌تواند به مسمومیت و آسیب دستگاه عصبی منجر شود. 🔹شدت و ماندگاری این آسیب‌های عصبی با سن کودک مرتبط است، به طوری که هرچه سن کودک پایین‌تر باشد، آثار منفی پایدارتری بر حافظه، هوش و فرآیند یادگیری وی در سال‌های آتی بر جای خواهد ماند. #اطلاع_رسانی_کنید ✅ اخبار  تعطیلی مدارس و‌ادارات و دانشگاه های خوزستان را دنبال کنید👇 https://t.me/khozkhabar https://t.me/khozkhabar,"1. موضوع: محیط زیست
2. اولویت: High
3. اقدام: اطلاع‌رسانی در مورد آلودگی هوا و تاثیرات آن بر کودکان و همچنین پیگیری اخبار تعطیلی مدارس و ادارات خوزستان.
4. محله: نامشخص
"
♦️دفاتر ثبت ازدواج تا ساعت ۱۹ روز شنبه دایر استسعادتیان، معاون امور اسناد سازمان ثبت اسناد و ا [...],"شبکه خبری خوزستان

ارتباط با ما👇
@havaaye
رزرو آگهی و تبلیغات👇
@khz_34",♦️دفاتر ثبت ازدواج تا ساعت ۱۹ روز شنبه دایر است سعادتیان، معاون امور اسناد سازمان ثبت اسناد و املاک کشور: 🔹به مناسبت سالروز ولادت حضرت علی (ع) دفاتر ثبت ازدواج در کشور روز شنبه مورخ ۱۳ دی تا ساعت ۱۹ به صورت فوق‌العاده به ارائه خدمات به زوجین جوان و ثبت واقعه ازدواج اقدام خواهند کرد. 🔹این اقدام با موافقت رئیس سازمان ثبت اسناد و املاک کشور با هدف ترویج فرهنگ ازدواج و تسهیل در امور مردم و استقبال جوانان در ثبت واقعه ازدواج خود در این روز انجام شد. #اطلاع_رسانی_کنید ✅ اخبار  تعطیلی مدارس و‌ادارات و دانشگاه های خوزستان را دنبال کنید👇 https://t.me/khozkhabar https://t.me/khozkhabar,"
1. موضوع: متفرقه
2. اولویت: Low
3. اقدام: دفاتر ثبت ازدواج در سراسر کشور روز شنبه ۱۳ دی تا ساعت ۱۹ به ارائه خدمات می‌پردازند.
4. محله: نامشخص"
ورود موج بارشی جدید به کشور از روز امشب!,"شبکه خبری خوزستان

ارتباط با ما👇
@havaaye
رزرو آگهی و تبلیغات👇
@khz_34",ورود موج بارشی جدید به کشور از روز امشب! 🔺از امشب شاهد ورود موج بارشی جدیدی به کشور خواهیم بود که بسیاری از نقاط استان های شمال غربی، غربی و شمالی کشور را تحت تاثیر قرار خواهد داد. 🔺با ورود این موج بارشی شاهد بارش های ضعیفی در استان های شمال غربی، غربی و دامنه‌های البرز خواهیم بود. 🔺شدت بارش ها در استان های گیلان و مازندران بیشتر بوده و بارش های خوبی را در بسیاری از نقاط این دو استان خواهیم داشت . #اطلاع_رسانی_کنید ✅ اخبار  تعطیلی مدارس و‌ادارات و دانشگاه های خوزستان را دنبال کنید👇 https://t.me/khozkhabar https://t.me/khozkhabar,"1. موضوع: امدادی
2. اولویت: Medium
3. اقدام: اطلاع‌رسانی درباره احتمال تعطیلی مدارس و ادارات خوزستان ضروری است.
4. محله: نامشخص
"
در خوزستان هم انتخابات میان‌دوره‌ای مجلس خبرگان برگزار می‌شود🔹سخنگوی شورای نگهبان: با توجه به [...],"شبکه خبری خوزستان

ارتباط با ما👇
@havaaye
رزرو آگهی و تبلیغات👇
@khz_34",در خوزستان هم انتخابات میان‌دوره‌ای مجلس خبرگان برگزار می‌شود 🔹سخنگوی شورای نگهبان: با توجه به درگذشت آیت‌الله سیدعلی شفیعی نمایندۀ مردم خوزستان در مجلس خبرگان رهبری، شورای نگهبان با برگزاری انتخابات میان‌دوره‌ای مجلس خبرگان در روز جمعه ۱۱ اردیبهشت‌ در این استان موافقت کرد. #اطلاع_رسانی_کنید ✅ اخبار  تعطیلی مدارس و‌ادارات و دانشگاه های خوزستان را دنبال کنید👇 https://t.me/khozkhabar https://t.me/khozkhabar,"
1. موضوع: شهری
2. اولویت: Medium
3. اقدام: انتخابات میان‌دوره‌ای مجلس خبرگان در خوزستان روز جمعه ۱۱ اردیبهشت برگزار می‌شود.
4. محله: نامشخص"
[Video] 🎥 پزشکیان: مردم ناراضی هستند؛ ما مقصریم دنبال آمریکا نگردید#اطلاع_رسانی_کنید ✅ اخبار [...],"شبکه خبری خوزستان

ارتباط با ما👇
@havaaye
رزرو آگهی و تبلیغات👇
@khz_34",🎥 پزشکیان: مردم ناراضی هستند؛ ما مقصریم دنبال آمریکا نگردید #اطلاع_رسانی_کنید ✅ اخبار  تعطیلی مدارس و‌ادارات و دانشگاه های خوزستان را دنبال کنید👇 https://t.me/khozkhabar https://t.me/khozkhabar,"
1. موضوع: شهری
2. اولویت: High
3. اقدام: اطلاع‌رسانی درباره تعطیلی مدارس، ادارات و دانشگاه‌های خوزستان ضروری است.
4. محله: نامشخص"
سامانه بارشی جدید در خوزستان🔹 اداره‌کل هواشناسی استان خوزستان در اطلاعیه‌ای با صدور هشدار سطح [...],"شبکه خبری خوزستان

ارتباط با ما👇
@havaaye
رزرو آگهی و تبلیغات👇
@khz_34",سامانه بارشی جدید در خوزستان 🔹 اداره‌کل هواشناسی استان خوزستان در اطلاعیه‌ای با صدور هشدار سطح زرد شماره ۵۱ مورخ ۱۱ دی‌ماه ۱۴۰۴ اعلام کرد فعالیت سامانه بارشی از اواخر وقت امروز آغاز و تا اواخر وقت روز شنبه ادامه خواهد داشت. 🔹 مناطق شمال‌غربی شمالی شمال‌شرقی شرقی و تا حدودی مرکزی استان تحت تأثیر این سامانه قرار می‌گیرند و رگبار باران رعدوبرق بارش برف در ارتفاعات وزش باد کاهش دما به‌ویژه پس از بارندگی و مه‌گرفتگی از پیامدهای آن خواهد بود. در بخش‌های مرکزی استان نیز احتمال بارش‌های پراکنده وجود دارد. #اطلاع_رسانی_کنید ✅ اخبار  تعطیلی مدارس و‌ادارات و دانشگاه های خوزستان را دنبال کنید👇 https://t.me/khozkhabar https://t.me/khozkhabar,"
1. موضوع: امدادی
2. اولویت: Medium
3. اقدام: به شهروندان توصیه می‌شود آمادگی لازم برای مواجهه با رگبار باران، رعدوبرق و کاهش دما را داشته باشند.
4. محله: نامشخص"
♦️گوشت وارداتی زیر قیمت بازار آمد🔹«گوشت گوسالۀ گرم وارداتی کیلویی ۷۹۵ هزار تومان در میادین می [...],"شبکه خبری خوزستان

ارتباط با ما👇
@havaaye
رزرو آگهی و تبلیغات👇
@khz_34",♦️گوشت وارداتی زیر قیمت بازار آمد 🔹«گوشت گوسالۀ گرم وارداتی کیلویی ۷۹۵ هزار تومان در میادین میوه‌وتره‌بار به فروش می‌رسد». 🔹مشکلات کمبود نهادۀ تولیدکنندگان داخلی و حذف ارز ترجیحی و مشکل تخصیص ارز برای وارد کنندگان ۲ عاملی بود که در چند ماه گذشته گوشت را به بیش از یک میلیون تومان رساند. 🔹حال گوشت منجمد وارداتی حدود ۱۰۰ هزار تومان کمتر از گوشت گرم هم در میادین برای تعادل قیمت عرضه می‌شود. 🔹در کنار این‌ها مرغ به نرخ مصوب ۱۳۵ هزار تومان هم نسبت به قبل وضعیت بهتری دارد و مرغ منجمد ۱۰ هزار تومان با قیمت پایین‌تر در میادین عرضه می‌شود. #اطلاع_رسانی_کنید ✅ اخبار  تعطیلی مدارس و‌ادارات و دانشگاه های خوزستان را دنبال کنید👇 https://t.me/khozkhabar https://t.me/khozkhabar,"
1. موضوع: شهری
2. اولویت: Medium
3. اقدام: عرضه گوشت و مرغ با قیمت پایین‌تر در میادین میوه و تره‌بار برای تعادل بازار.
4. محله: نامشخص"
🔥 توقیف ۳ تن مواد غذایی تاریخ مصرف گذشته از شرکت‌های پخش در شرق اهواز🔹رئیس مرکز بهداشت شرق ا [...],"شبکه خبری خوزستان

ارتباط با ما👇
@havaaye
رزرو آگهی و تبلیغات👇
@khz_34",🔥 توقیف ۳ تن مواد غذایی تاریخ مصرف گذشته از شرکت‌های پخش در شرق اهواز 🔹رئیس مرکز بهداشت شرق اهواز ازز کشف و توقیف ۳ تن مواد غذایی تاریخ مصرف گذشته از شرکت‌های پخش مواد غذایی در این منطقه توسط کارشناسان بهداشت محیط خبر داد. 🔹 مردانی در این خصوص اظهار داشت: این محموله طی بازرسی‌های مستمر و هدفمند کارشناسان بهداشت محیط از مراکز نگهداری و توزیع مواد غذایی شناسایی و توقیف شد. مواد غذایی کشف شده به دلیل پایان تاریخ مصرف و عدم رعایت ضوابط و استانداردهای بهداشتی، قابلیت مصرف نداشته و تهدیدی جدی برای سلامت شهروندان به‌شمار می‌رفت. #اطلاع_رسانی_کنید ✅ اخبار  تعطیلی مدارس و‌ادارات و دانشگاه های خوزستان را دنبال کنید👇 https://t.me/khozkhabar https://t.me/khozkhabar,"
1. موضوع: بهداشت
2. اولویت: High
3. اقدام: توقیف مواد غذایی تاریخ مصرف گذشته برای حفظ سلامت شهروندان انجام شده است.
4. محله: شرق اهواز"
[Video] پزشکیان : دلار 70 تومنی هم نمیدیم خود ما بستر دزدی را فراهم کرده ایمهر کس دلار ۷۰ تومن [...],"شبکه خبری خوزستان

ارتباط با ما👇
@havaaye
رزرو آگهی و تبلیغات👇
@khz_34",پزشکیان : دلار 70 تومنی هم نمیدیم خود ما بستر دزدی را فراهم کرده ایم هر کس دلار ۷۰ تومنی گرفته رانت بوده #اطلاع_رسانی_کنید ✅ اخبار  تعطیلی مدارس و‌ادارات و دانشگاه های خوزستان را دنبال کنید👇 https://t.me/khozkhabar https://t.me/khozkhabar,"1. موضوع: متفرقه
2. اولویت: Low
3. اقدام: اطلاع‌رسانی درباره اخبار تعطیلی مدارس و ادارات خوزستان.
4. محله: نامشخص
"
[Photo] 🔺نرخ معاملات طلا و سکه و ارز در بازار امروز#اطلاع_رسانی_کنید ✅ اخبار  تعطیلی مدارس و [...],"شبکه خبری خوزستان

ارتباط با ما👇
@havaaye
رزرو آگهی و تبلیغات👇
@khz_34",🔺نرخ معاملات طلا و سکه و ارز در بازار امروز #اطلاع_رسانی_کنید ✅ اخبار  تعطیلی مدارس و‌ادارات و دانشگاه های خوزستان را دنبال کنید👇 https://t.me/khozkhabar https://t.me/khozkhabar,":
1. موضوع: متفرقه
2. اولویت: Low
3. اقدام: اطلاع‌رسانی درباره نرخ طلا، سکه و ارز و همچنین اخبار تعطیلی مدارس و ادارات خوزستان.
4. محله: نامشخص"
♦️دادستان کوهدشت از بازداشت ۲۰ نفر در جریان اغتشاش شب گذشته خبر داد🔹‌دادستان عمومی و انقلاب ش [...],"شبکه خبری خوزستان

ارتباط با ما👇
@havaaye
رزرو آگهی و تبلیغات👇
@khz_34",♦️دادستان کوهدشت از بازداشت ۲۰ نفر در جریان اغتشاش شب گذشته خبر داد 🔹‌دادستان عمومی و انقلاب شهرستان کوهدشت لرستان: در پی اغتشاشات اخیر و اقدامات خرابکارانه از جمله سنگ‌پرانی به سمت مأمورین، ۱۳ مأمور زخمی شدند، یک بسیجی بر اثر جراحات شدید به شهادت رسید و ۲۰ نفر دستگیر شدند./میزان #اطلاع_رسانی_کنید ✅ اخبار  تعطیلی مدارس و‌ادارات و دانشگاه های خوزستان را دنبال کنید👇 https://t.me/khozkhabar https://t.me/khozkhabar,":
1. موضوع: شهری
2. اولویت: High
3. اقدام: رسیدگی به اغتشاشات و دستگیری عاملان تخریب و خشونت.
4. محله: نامشخص"
[Photo] 📸منظره ای زیبا از جاده برفی امام زاده عبدالله شهرستان صیدون#اطلاع_رسانی_کنید ✅ اخبار [...],"شبکه خبری خوزستان

ارتباط با ما👇
@havaaye
رزرو آگهی و تبلیغات👇
@khz_34",📸منظره ای زیبا از جاده برفی امام زاده عبدالله شهرستان صیدون #اطلاع_رسانی_کنید ✅ اخبار  تعطیلی مدارس و‌ادارات و دانشگاه های خوزستان را دنبال کنید👇 https://t.me/khozkhabar https://t.me/khozkhabar,"1. موضوع: شهری
2. اولویت: Low
3. اقدام: اطلاع‌رسانی وضعیت جاده‌های برفی به شهروندان.
4. محله: کوت عبدالله
"
[Video] ایستادگی پلیسی که اغتشاشگران در کوهدشت سروصورتش را به آتش کشیدند#اطلاع_رسانی_کنید ✅ ا [...],"شبکه خبری خوزستان

ارتباط با ما👇
@havaaye
رزرو آگهی و تبلیغات👇
@khz_34",ایستادگی پلیسی که اغتشاشگران در کوهدشت سروصورتش را به آتش کشیدند #اطلاع_رسانی_کنید ✅ اخبار  تعطیلی مدارس و‌ادارات و دانشگاه های خوزستان را دنبال کنید👇 https://t.me/khozkhabar https://t.me/khozkhabar,"
1. موضوع: شهری
2. اولویت: High
3. اقدام: اطلاع‌رسانی درباره تعطیلی مدارس، ادارات و دانشگاه‌های خوزستان ضروری است.
4. محله: نامشخص"
♦️اگر فوتبال خوزستان آسیب ببیند تیم ملی ضربه می‌خورد🔹رئیس فدراسیون فوتبال با تأکید بر اهمیت خ [...],"شبکه خبری خوزستان

ارتباط با ما👇
@havaaye
رزرو آگهی و تبلیغات👇
@khz_34",♦️اگر فوتبال خوزستان آسیب ببیند تیم ملی ضربه می‌خورد 🔹رئیس فدراسیون فوتبال با تأکید بر اهمیت خوزستان در فوتبال کشور هشدار داد کاهش رونق فوتبال در این استان می‌تواند ضربه سنگینی به تمامی رده‌های تیم ملی از نوجوانان تا بزرگسالان و بانوان وارد کند. 🔹فولاد خوزستان، استقلال خوزستان، صنعت نفت آبادان و نفت مسجدسلیمان سابقه‌ای طولانی و سهمی بسزا در فوتبال کشور دارند و خوزستان همواره یکی از فوتبالی‌ترین استان‌های ایران بوده است. #اطلاع_رسانی_کنید ✅ اخبار  تعطیلی مدارس و‌ادارات و دانشگاه های خوزستان را دنبال کنید👇 https://t.me/khozkhabar https://t.me/khozkhabar,"1. موضوع: شهری
2. اولویت: Medium
3. اقدام: بررسی وضعیت فوتبال خوزستان برای جلوگیری از آسیب به تیم ملی ضروری است.
4. محله: نامشخص
"
[Photo] آسمان شوشتر 😍#اطلاع_رسانی_کنید ✅ اخبار  تعطیلی مدارس و‌ادارات و دانشگاه های خوزستان  [...],"شبکه خبری خوزستان

ارتباط با ما👇
@havaaye
رزرو آگهی و تبلیغات👇
@khz_34",آسمان شوشتر 😍 #اطلاع_رسانی_کنید ✅ اخبار  تعطیلی مدارس و‌ادارات و دانشگاه های خوزستان را دنبال کنید👇 https://t.me/khozkhabar https://t.me/khozkhabar,"
1. موضوع: اطلاع‌رسانی
2. اولویت: Medium
3. اقدام: اطلاع‌رسانی درباره تعطیلی مدارس و ادارات خوزستان از طریق لینک‌های ارائه شده.
4. محله: نامشخص"
[Video] 🎥بارش برف سنگین در منطقه چاونی بالایی از توابع بخش الوارگرمسیری شهرستان اندیمشک#اطلاع [...],"شبکه خبری خوزستان

ارتباط با ما👇
@havaaye
رزرو آگهی و تبلیغات👇
@khz_34",🎥بارش برف سنگین در منطقه چاونی بالایی از توابع بخش الوارگرمسیری شهرستان اندیمشک #اطلاع_رسانی_کنید ✅ اخبار  تعطیلی مدارس و‌ادارات و دانشگاه های خوزستان را دنبال کنید👇 https://t.me/khozkhabar https://t.me/khozkhabar,"
1. موضوع: امدادی
2. اولویت: High
3. اقدام: اطلاع‌رسانی درباره تعطیلی مدارس و ادارات خوزستان به دلیل بارش برف سنگین.
4. محله: نامشخص"
♦️واریز دو مرحله یارانه رفع سوءتغذیه کودکان زیر ۵ سالمعاون اقتصادی وزارت رفاه:🔹امروز در مجموع [...],"شبکه خبری خوزستان

ارتباط با ما👇
@havaaye
رزرو آگهی و تبلیغات👇
@khz_34",♦️واریز دو مرحله یارانه رفع سوءتغذیه کودکان زیر ۵ سال معاون اقتصادی وزارت رفاه: 🔹امروز در مجموع دو مرحله دی و بهمن، مبلغ ۲ میلیون و ۶۰۰ هزار تومان به حساب سرپرستان خانوار دهک‌های یک تا پنج و مبلغ یک میلیون و ۶۰۰ هزار تومان به حساب سرپرستان خانوار دهک‌های ۶ و ۷ در قالب طرح رفع سوءتغذیه کودکان زیر ۵ سال واریز شد. 🔹دی ماه هم حساب سرپرستان خانوار مشمول طرح یسنا شارژ می‌شود. #اطلاع_رسانی_کنید ✅ اخبار  تعطیلی مدارس و‌ادارات و دانشگاه های خوزستان را دنبال کنید👇 https://t.me/khozkhabar https://t.me/khozkhabar,"
1. موضوع: امدادی
2. اولویت: High
3. اقدام: واریز یارانه برای رفع سوءتغذیه کودکان زیر ۵ سال انجام شد.
4. محله: نامشخص"
[Video] یه روز آفتابی در باغملک😍#اطلاع_رسانی_کنید ✅ اخبار  تعطیلی مدارس و‌ادارات و دانشگاه ه [...],"شبکه خبری خوزستان

ارتباط با ما👇
@havaaye
رزرو آگهی و تبلیغات👇
@khz_34",یه روز آفتابی در باغملک😍 #اطلاع_رسانی_کنید ✅ اخبار  تعطیلی مدارس و‌ادارات و دانشگاه های خوزستان را دنبال کنید👇 https://t.me/khozkhabar https://t.me/khozkhabar,"1. موضوع: شهری
2. اولویت: Medium
3. اقدام: اطلاع‌رسانی درباره تعطیلی مدارس، ادارات و دانشگاه‌های خوزستان در حال انجام است.
4. محله: نامشخص
"
🔻🔺دمای کمینه صبح امروز ایستگاههای هواشناسی خوزستان ۱۴۰۴/۱۰/۱۱ :دهدز ۲/۴-ایذه ۰/۲بهبهان ۲/۲فر [...],"شبکه خبری خوزستان

ارتباط با ما👇
@havaaye
رزرو آگهی و تبلیغات👇
@khz_34",🔻🔺دمای کمینه صبح امروز ایستگاههای هواشناسی خوزستان ۱۴۰۴/۱۰/۱۱ : دهدز ۲/۴- ایذه ۰/۲ بهبهان ۲/۲ فرودگاه اهواز ۲/۸ رامشیر ۳ شوش ۳ اميديه ۳/۲ گتوند ۳/۲ بندر هندیجان ۳/۳ هویزه ۳/۳ صفی آباد دزفول ۳/۶ بندر ماهشهر ۳/۶ بستان ۳/۷ شادگان ۳/۹ مسجد سليمان ۳/۹ لالی ۴/۴ کشاورزی اهواز ۵/۲ آبادان ۵/۳ رامهرمز ۵/۴ حسینیه ۵/۵ آغاجاری ۶/۲ شوشتر ۶/۶ #اطلاع_رسانی_کنید ✅ اخبار  تعطیلی مدارس و‌ادارات و دانشگاه های خوزستان را دنبال کنید👇 https://t.me/khozkhabar https://t.me/khozkhabar,"1. موضوع: محیط زیست
2. اولویت: Medium
3. اقدام: اطلاع‌رسانی درباره‌ی دما و احتمال تعطیلی مدارس و ادارات در خوزستان.
4. محله: نامشخص
"
[Photo] 🌧 پیش‌بینی مجموع بارش تا شنبه ۱۳ دی/ نمای خوزستان 🔷 زمان:⛅️ ورود سامانه: بامداد جمعه [...],"شبکه خبری خوزستان

ارتباط با ما👇
@havaaye
رزرو آگهی و تبلیغات👇
@khz_34",🌧 پیش‌بینی مجموع بارش تا شنبه ۱۳ دی/ نمای خوزستان 🔷 زمان: ⛅️ ورود سامانه: بامداد جمعه ۱۲ دی 🌦 آغاز بارش باران: صبح جمعه ۱۲ دی 🌧 اوج بارش: از صبح تا ظهر شنبه ۱۳ دی 🌦 خروج سامانه: اواخر شنبه ۱۳ دی ــــــــــــــــــــــــــــــ 🌩 رعدوبرق: ✅ 🌨 تگرگ: ❌ ❄️ برف: ✅ 🌊 آبگرفتگی معابر: ❌ 🌪تندباد: ✅ 🌫 مه‌گرفتگی: ✅ #اطلاع_رسانی_کنید ✅ اخبار  تعطیلی مدارس و‌ادارات و دانشگاه های خوزستان را دنبال کنید👇 https://t.me/khozkhabar https://t.me/khozkhabar,"1. موضوع: امدادی
2. اولویت: High
3. اقدام: اطلاع‌رسانی به شهروندان در خصوص بارش و احتمال وقوع برف و رعدوبرق ضروری است.
4. محله: نامشخص
"
[Photo] آدم برفی در ارتفاعات منگشت خوزستان❤️#اطلاع_رسانی_کنید ✅ اخبار  تعطیلی مدارس و‌ادارات  [...],"شبکه خبری خوزستان

ارتباط با ما👇
@havaaye
رزرو آگهی و تبلیغات👇
@khz_34",آدم برفی در ارتفاعات منگشت خوزستان❤️ #اطلاع_رسانی_کنید ✅ اخبار  تعطیلی مدارس و‌ادارات و دانشگاه های خوزستان را دنبال کنید👇 https://t.me/khozkhabar https://t.me/khozkhabar,"1. موضوع: متفرقه
2. اولویت: Low
3. اقدام: اطلاع‌رسانی درباره احتمال تعطیلی مدارس و ادارات خوزستان.
4. محله: نامشخص
"
[Photo] راهکارهای فوری برای افزایش امنیت اینترنت اشیا در خانه🔹از تغییر رمزهای پیش‌فرض تا به‌ر [...],"شبکه خبری خوزستان

ارتباط با ما👇
@havaaye
رزرو آگهی و تبلیغات👇
@khz_34",راهکارهای فوری برای افزایش امنیت اینترنت اشیا در خانه 🔹از تغییر رمزهای پیش‌فرض تا به‌روزرسانی منظم دستگاه‌ها؛ چند اقدام ساده اما حیاتی که می‌تواند امنیت وسایل هوشمند خانه را در برابر نفوذ بالا ببرد. #اطلاع_رسانی_کنید ✅ اخبار  تعطیلی مدارس و‌ادارات و دانشگاه های خوزستان را دنبال کنید👇 https://t.me/khozkhabar https://t.me/khozkhabar,":
1. موضوع: متفرقه
2. اولویت: Low
3. اقدام: تغییر رمزهای پیش‌فرض و به‌روزرسانی دستگاه‌های اینترنت اشیا برای افزایش امنیت ضروری است.
4. محله: نامشخص"
[Photo] ♦️مطالعه جدید: قرارگیری مداوم نوزاد در معرض نمایشگر می‌تواند منجر به اضطراب در نوجوانی [...],"شبکه خبری خوزستان

ارتباط با ما👇
@havaaye
رزرو آگهی و تبلیغات👇
@khz_34",♦️مطالعه جدید: قرارگیری مداوم نوزاد در معرض نمایشگر می‌تواند منجر به اضطراب در نوجوانی شود 🔹مطالعه‌ای در سنگاپور نشان می‌دهد که قرار گرفتن طولانی‌مدت کودکان زیر دو سال در معرض صفحه‌نمایش با تغییر در روند تکامل مغز، موجب کندی در تصمیم‌گیری و افزایش علائم اضطراب در دوران نوجوانی می‌شود. #اطلاع_رسانی_کنید ✅ اخبار  تعطیلی مدارس و‌ادارات و دانشگاه های خوزستان را دنبال کنید👇 https://t.me/khozkhabar https://t.me/khozkhabar,":
1. موضوع: بهداشت و سلامت
2. اولویت: Medium
3. اقدام: والدین از قرار دادن مداوم نوزادان در معرض نمایشگر خودداری کنند.
4. محله: نامشخص"
[Photo] ♦️جدول لیگ برتر یکدست شد#اطلاع_رسانی_کنید ✅ اخبار  تعطیلی مدارس و‌ادارات و دانشگاه ها [...],"شبکه خبری خوزستان

ارتباط با ما👇
@havaaye
رزرو آگهی و تبلیغات👇
@khz_34",♦️جدول لیگ برتر یکدست شد #اطلاع_رسانی_کنید ✅ اخبار  تعطیلی مدارس و‌ادارات و دانشگاه های خوزستان را دنبال کنید👇 https://t.me/khozkhabar https://t.me/khozkhabar,"1. موضوع: متفرقه
2. اولویت: Low
3. اقدام: اطلاع‌رسانی درباره تعطیلی مدارس و ادارات خوزستان.
4. محله: نامشخص
"
[Photo] 🔺معطل ماندن مصوبه هیئت دولت درباره اصلاح آیین‌نامه انتخاب شهرداران🔹مصوبه هیئت دولت:  [...],"شبکه خبری خوزستان

ارتباط با ما👇
@havaaye
رزرو آگهی و تبلیغات👇
@khz_34",🔺معطل ماندن مصوبه هیئت دولت درباره اصلاح آیین‌نامه انتخاب شهرداران 🔹مصوبه هیئت دولت: الحاق رشته‌‌های برق، مکانیک و پزشکی به لیست رشته‌های مرتبط با انتخاب شهردار 🔹در حالی که چندی پیش با هماهنگی بخشی از بدنه دولت و برخی افراد در مجلس، تعداد قابل توجهی از رشته‌های تحصیلی از شرایط احراز صلاحیت شهرداران کلانشهرها حذف شدند، پیگیری‌ها نشان می‌دهد که سید کامل تقوی‌نژاد، دبیر هیئت دولت در تاریخ دهم آبان ۱۴۰۴ و سه روز پس از صدور مصوبه هیئت دولت درباره رفع محدودیت‌های آئین‌نامه اجرایی مرتبط با انتخاب شهردار، طی نامه‌ای به دبیر کمیسیون امنیت ملی دولت، رسما با ابلاغ مصوبه، اقدام برای الحاق رشته‌های تحصیلی برق، مکانیک و پزشکی را به جدول رشته‌های تحصیلی دستور داده است. 🔹اما با گذشت ۲ ماه، هنوز کمیسیون سیاسی و امنیت ملی دولت، اقدامی درباره اجرای مصوبه هیئت دولت انجام نداده است. #اطلاع_رسانی_کنید ✅ اخبار  تعطیلی مدارس و‌ادارات و دانشگاه های خوزستان را دنبال کنید👇 https://t.me/khozkhabar https://t.me/khozkhabar,"1. موضوع: شهری
2. اولویت: Medium
3. اقدام: پیگیری اجرای مصوبه هیئت دولت در خصوص الحاق رشته‌های جدید به شرایط انتخاب شهردار ضروری است.
4. محله: نامشخص
"
♦️افزایش ۵۰ درصدی حق عائله‌مندی در بودجه سال آینده🔹بانکی‌پور عضو کمیسیون فرهنگی مجلس: یکی از  [...],"شبکه خبری خوزستان

ارتباط با ما👇
@havaaye
رزرو آگهی و تبلیغات👇
@khz_34",♦️افزایش ۵۰ درصدی حق عائله‌مندی در بودجه سال آینده 🔹بانکی‌پور عضو کمیسیون فرهنگی مجلس: یکی از مواردی که موجب شد که کمیسیون تلفیق با کلیات بودجه مخالفت کرد میزان افزایش حقوق بود چرا که علاوه بر اینکه میزان افزایش حقوق درصد قابل‌قبولی نبود، حق عائله‌مندی و اولاد هم که بر اساس قانون جوانی جمعیت باید افزایش می‌کرد، با رشد همراه نبود. 🔹پس از نامه رئیس‌جمهور، مقرر شد اصلاحات مدنظر مجلس اعمال شود بنابراین حق عائله‌مندی و حق اولاد براساس قانون جوانی جمعیت افزایش می‌یابد. #اطلاع_رسانی_کنید ✅ اخبار  تعطیلی مدارس و‌ادارات و دانشگاه های خوزستان را دنبال کنید👇 https://t.me/khozkhabar https://t.me/khozkhabar,"
1. موضوع: شهری
2. اولویت: Medium
3. اقدام: افزایش ۵۰ درصدی حق عائله‌مندی در بودجه سال آینده اعمال خواهد شد.
4. محله: نامشخص"
[Photo] 🔥 #هم_اکنون | شهرهای شوشتر، بهبهان، شوش، سوسنگرد، اندیمشک و هندیجان در وضعیت نارنجی   [...],"شبکه خبری خوزستان

ارتباط با ما👇
@havaaye
رزرو آگهی و تبلیغات👇
@khz_34",🔥 #هم_اکنون | شهرهای شوشتر، بهبهان، شوش، سوسنگرد، اندیمشک و هندیجان در وضعیت نارنجی  آلودگی هوا قرار دارند. #اطلاع_رسانی_کنید ✅ اخبار  تعطیلی مدارس و‌ادارات و دانشگاه های خوزستان را دنبال کنید👇 https://t.me/khozkhabar https://t.me/khozkhabar,"1. موضوع: محیط زیست
2. اولویت: High
3. اقدام: اطلاع‌رسانی درباره وضعیت نارنجی آلودگی هوا و احتمال تعطیلی مدارس و ادارات.
4. محله: نامشخص
"
[Photo] 🌱هر روز خود را با بِسْمِ اللَّـهِ الرَّحْمَـٰنِ الرَّحِيمِ شروع کنید🗓 امروز جمعه🔹۱۲  [...],"شبکه خبری خوزستان

ارتباط با ما👇
@havaaye
رزرو آگهی و تبلیغات👇
@khz_34",🌱هر روز خود را با بِسْمِ اللَّـهِ الرَّحْمَـٰنِ الرَّحِيمِ شروع کنید 🗓 امروز جمعه 🔹۱۲ دی ۱۴۰۴  خورشیدی 🔹۱۲ رجب ۱۴۴۷   قمری 🔹2 ژانویه 2026  میلادی رویدادها: ▪️روز بزرگداشت علامه مصباح یزدی ▪️روز علوم انسانی اسلامی ذکر روز(۱۰۰ مرتبه): 📿 اَللّهُمَّ صَلِّ عَلی مُحَمَّدٍ وَ آلِ مُحَمَّدٍ وَ عَجِّلْ فَرَجَهُمْ - خدایا بر محمد و آل محمد درود فرست و در فرج ایشان تعجیل فرما اوقات شرعی به افق اهواز: 🔸اذان صبح:            05:49 🔸اذان ظهر:             12:19 🔸اذان مغرب:          17:43 🔸نیمه‌شب شرعی:   23:37 #تقویم_روز #اطلاع_رسانی_کنید ✅ اخبار  تعطیلی مدارس و‌ادارات و دانشگاه های خوزستان را دنبال کنید👇 https://t.me/khozkhabar https://t.me/khozkhabar,"1. موضوع: متفرقه
2. اولویت: Low
3. اقدام: اطلاع‌رسانی درباره اوقات شرعی و رویدادهای روز به شهروندان اهواز.
4. محله: نامشخص
"
[Photo] بعد از غذا نخوابید !,"شبکه خبری خوزستان

ارتباط با ما👇
@havaaye
رزرو آگهی و تبلیغات👇
@khz_34",بعد از غذا نخوابید ! 🔹بدون اینکه فعالیتی برای هضم غذا انجام دهید هرگز به خواب نروید، چرا که این اشتباه زخم معده و تورم معده و گاهی سکته قلبی را به بار می‌آورد #سالم_بمانیم #اطلاع_رسانی_کنید ✅ اخبار  تعطیلی مدارس و‌ادارات و دانشگاه های خوزستان را دنبال کنید👇 https://t.me/khozkhabar https://t.me/khozkhabar,"1. موضوع: متفرقه
2. اولویت: Low
3. اقدام: از خوابیدن بلافاصله بعد از غذا خودداری کنید تا از مشکلات گوارشی و قلبی پیشگیری شود.
4. محله: نامشخص
"
[Photo] ورود سامانه بارشی و بارش از غرب تا شمال شرق کشور🔹️با ورود سامانه بارشی از سمت شمال‌غر [...],"شبکه خبری خوزستان

ارتباط با ما👇
@havaaye
رزرو آگهی و تبلیغات👇
@khz_34",ورود سامانه بارشی و بارش از غرب تا شمال شرق کشور 🔹️با ورود سامانه بارشی از سمت شمال‌غرب، استان‌های ایلام، قزوین، البرز، تهران، مرکزی، قم، گیلان، مازندران، گلستان، خراسان شمالی و ارتفاعات سمنان و غرب این استان نیز تحت تأثیر سامانه بارشی قرار خواهند گرفت. 🔹️فردا بارش‌ها در استان‌های ساحلی دریای خزر، خراسان شمالی و شمال خراسان رضوی، رخ خواهد داد و در بخش‌هایی از شمال‌غرب و غرب کشور نیز بارش پراکنده انتظار می‌رود. #هواشناسی #اطلاع_رسانی_کنید ✅ اخبار  تعطیلی مدارس و‌ادارات و دانشگاه های خوزستان را دنبال کنید👇 https://t.me/khozkhabar https://t.me/khozkhabar,"1. موضوع: هواشناسی
2. اولویت: Medium
3. اقدام: اطلاع‌رسانی درباره وضعیت بارش‌ها و احتمال تعطیلی مدارس و ادارات خوزستان ضروری است.
4. محله: نامشخص
"
♦️راه اندازی نخستین مدرسه هوش مصنوعی کشور در اهواز🔹مدیرکل آموزش و پرورش خوزستان گفت: نخستین م [...],"شبکه خبری خوزستان

ارتباط با ما👇
@havaaye
رزرو آگهی و تبلیغات👇
@khz_34",♦️راه اندازی نخستین مدرسه هوش مصنوعی کشور در اهواز 🔹مدیرکل آموزش و پرورش خوزستان گفت: نخستین مدرسه هوش مصنوعی کشور در اهواز با هدف شناسایی و پرورش استعدادهای دانش‌آموزی راه اندازی شد. #اطلاع_رسانی_کنید ✅ اخبار  تعطیلی مدارس و‌ادارات و دانشگاه های خوزستان را دنبال کنید👇 https://t.me/khozkhabar https://t.me/khozkhabar,"1. موضوع: شهری
2. اولویت: Medium
3. اقدام: راه اندازی مدرسه هوش مصنوعی برای پرورش استعدادهای دانش‌آموزی در اهواز.
4. محله: نامشخص
"
[Photo] #اطلاعیه ♦️قابل توجه دانش آموزان🔹به اطلاع می‌رساند با توجه به همزمانی پخش مسابقات کشت [...],"شبکه خبری خوزستان

ارتباط با ما👇
@havaaye
رزرو آگهی و تبلیغات👇
@khz_34",#اطلاعیه ♦️قابل توجه دانش آموزان 🔹به اطلاع می‌رساند با توجه به همزمانی پخش مسابقات کشتی از صدا و سیمای مرکز استان خوزستان، برنامه جمع بندی ریاضی تجربی دیروز پنجشنبه مورخ ۱۴۰۱/۱۰/۱۱ ، به روز شنبه ۱۴۰۴/۱۰/۱۳  موکول شد. #اطلاع_رسانی_کنید ✅ اخبار  تعطیلی مدارس و‌ادارات و دانشگاه های خوزستان را دنبال کنید👇 https://t.me/khozkhabar https://t.me/khozkhabar,"1. موضوع: شهری
2. اولویت: Low
3. اقدام: اطلاع‌رسانی در خصوص تغییر برنامه جمع‌بندی ریاضی تجربی به دانش‌آموزان.
4. محله: نامشخص
"
#هشدار 🔥هشدار شرکت گاز به ادارات: دمای بالاتر از ۲۰ درجه، مشمول قطع گازمدیرعامل شرکت ملی گاز  [...],"شبکه خبری خوزستان

ارتباط با ما👇
@havaaye
رزرو آگهی و تبلیغات👇
@khz_34",#هشدار 🔥هشدار شرکت گاز به ادارات: دمای بالاتر از ۲۰ درجه، مشمول قطع گاز مدیرعامل شرکت ملی گاز گفت: 🔹 دمای متعارف و مصوب برای فضاهای اداری ۲۰ درجه سانتی‌گراد تعیین شده و اگر در بازدیدها مشاهده شود که دما بالاتر از این حد باشد، حتماً اعمال قانون صورت می‌گیرد. در این موارد، ابتدا اخطار داده می‌شود و در صورت عدم اصلاح، حتی در برخی دستگاه‌ها اقدام به قطع گاز یا تجهیزات گرمایشی شده است. #اطلاع_رسانی_کنید ✅ اخبار  تعطیلی مدارس و‌ادارات و دانشگاه های خوزستان را دنبال کنید👇 https://t.me/khozkhabar https://t.me/khozkhabar,"
1. موضوع: شهری
2. اولویت: Medium
3. اقدام: ادارات خوزستان باید دمای محیط را زیر ۲۰ درجه سانتی‌گراد نگه دارند تا از قطع گاز جلوگیری شود.
4. محله: نامشخص"
♦️طرح «کارت امید مادر» از ابتدای سال ۱۴۰۵ اجرایی می‌شود🔹دبیر ستاد ملی جمعیت کشور از اجرای طرح [...],"شبکه خبری خوزستان

ارتباط با ما👇
@havaaye
رزرو آگهی و تبلیغات👇
@khz_34",♦️طرح «کارت امید مادر» از ابتدای سال ۱۴۰۵ اجرایی می‌شود 🔹دبیر ستاد ملی جمعیت کشور از اجرای طرح حمایتی «کارت امید مادر» از ابتدای سال ۱۴۰۵ خبر داد و گفت: بر اساس این طرح، به مادران سراسر کشور به‌مدت دو سال، ماهانه دو میلیون تومان با هدف حمایت از فرزندآوری و تأمین بخشی از هزینه‌های کودک پرداخت می‌شود. #اطلاع_رسانی_کنید ✅ اخبار  تعطیلی مدارس و‌ادارات و دانشگاه های خوزستان را دنبال کنید👇 https://t.me/khozkhabar https://t.me/khozkhabar,"1. موضوع: شهری
2. اولویت: Medium
3. اقدام: اطلاع‌رسانی درباره طرح حمایتی «کارت امید مادر» برای مادران سراسر کشور.
4. محله: نامشخص
"
♦️بازداشت شماری از عوامل اغتشاش در شهرستان‌ های ازنا و دلفانرئیس‌ دادگستری لرستان:🔹هیچ‌گونه م [...],"شبکه خبری خوزستان

ارتباط با ما👇
@havaaye
رزرو آگهی و تبلیغات👇
@khz_34",♦️بازداشت شماری از عوامل اغتشاش در شهرستان‌ های ازنا و دلفان رئیس‌ دادگستری لرستان: 🔹هیچ‌گونه مماشاتی در برابر اقدامات غیرقانونی و رفتارهای اخلال‌گرایانه که موجبات تهدید نظم عمومی و امنیت شهروندان را فراهم آورد، پذیرفتنی نیست. 🔹 دادستان‌ها موظف‌اند در چارچوب قوانین و مقررات، با جدیت و قاطعیت کامل نسبت به این موارد اقدام نمایند. 🔹هرگونه تعرض به حقوق اساسی مردم، با واکنش سریع و قانونی دستگاه قضایی مواجه خواهد شد. 🔹در اجرای این دستور، دادستان‌های عمومی و انقلاب شهرستان‌های مذکور مأموریت یافته‌اند تا ضمن تشکیل پرونده‌های قضایی برای افراد دستگیرشده، روند رسیدگی را با سرعت و دقت لازم پیگیری نمایند تا در عین رعایت دقیق حقوق قانونی متهمان، احکام بازدارنده و عادلانه صادر شود. 🔸در روزهای گذشته و در پی برخی تحرکات غیرقانونی، شماری از مخلان امنیت عمومی توسط نیروهای انتظامی و ضابطان قضایی شناسایی و دستگیر شده‌اند. #اطلاع_رسانی_کنید ✅ اخبار  تعطیلی مدارس و‌ادارات و دانشگاه های خوزستان را دنبال کنید👇 https://t.me/khozkhabar https://t.me/khozkhabar,"
1. موضوع: شهری
2. اولویت: High
3. اقدام: دستگیری مخلان امنیت عمومی در شهرستان‌های ازنا و دلفان و پیگیری سریع پرونده‌های قضایی آن‌ها.
4. محله: نامشخص"
♦️جزئیات درج نشان اهدای عضو بر گواهی‌نامه‌های رانندگیمدیرعامل انجمن اهدای عضو ایرانیان:🔹درج ن [...],"شبکه خبری خوزستان

ارتباط با ما👇
@havaaye
رزرو آگهی و تبلیغات👇
@khz_34",♦️جزئیات درج نشان اهدای عضو بر گواهی‌نامه‌های رانندگی مدیرعامل انجمن اهدای عضو ایرانیان: 🔹درج نشان اهدای عضو روی گواهینامه به معنای اهدای قطعی عضو نیست. 🔹اهدای عضو فقط با رضایت خانواده فرد مرگ مغزی انجام می‌شود. 🔹این نشان تأثیری در روند درمان مصدومان ندارد. 🔹هم‌وطنان می‌توانند با ارسال کد ملی به شماره ۳۴۳۲ برای دریافت کارت اقدام کنند. #اطلاع_رسانی_کنید ✅ اخبار  تعطیلی مدارس و‌ادارات و دانشگاه های خوزستان را دنبال کنید👇 https://t.me/khozkhabar https://t.me/khozkhabar,"1. موضوع: متفرقه
2. اولویت: Low
3. اقدام: اطلاع‌رسانی در خصوص درج نشان اهدای عضو بر گواهینامه‌ها و نحوه دریافت کارت اهدای عضو.
4. محله: نامشخص
"
[Photo] ♦️آخرین وضعیت ۳ ماهواره ایرانی در فضا🔹بررسی‌ها نشان می‌دهد ۳ماهواره ایرانی «ظفر۲»، «پ [...],"شبکه خبری خوزستان

ارتباط با ما👇
@havaaye
رزرو آگهی و تبلیغات👇
@khz_34",♦️آخرین وضعیت ۳ ماهواره ایرانی در فضا 🔹بررسی‌ها نشان می‌دهد ۳ماهواره ایرانی «ظفر۲»، «پایا» و «کوثر» با موفقیت در مدار خورشیدآهنگ در ارتفاع حدود ۵۰۰ کیلومتری زمین مستقر شدند. 🔹مراحل اولیه آزمون‌های مداری، شامل دریافت سیگنال، پایش زیرسامانه‌ها و تثبیت پارامترهای مداری، طبق برنامه در حال انجام است. #اطلاع_رسانی_کنید ✅ اخبار  تعطیلی مدارس و‌ادارات و دانشگاه های خوزستان را دنبال کنید👇 https://t.me/khozkhabar https://t.me/khozkhabar,"
1. موضوع: متفرقه
2. اولویت: Low
3. اقدام: سه ماهواره ایرانی با موفقیت در مدار خورشیدآهنگ مستقر شده‌اند و آزمون‌های مداری در حال انجام است.
4. محله: نامشخص"
#قابل_توجه 🔥وضعیت آب شرب مناطق مختلف شهرهای اهواز، کارون و باوی با قطعی آب مکرر یا آلودگی و ب [...],"شبکه خبری خوزستان

ارتباط با ما👇
@havaaye
رزرو آگهی و تبلیغات👇
@khz_34",#قابل_توجه 🔥وضعیت آب شرب مناطق مختلف شهرهای اهواز، کارون و باوی با قطعی آب مکرر یا آلودگی و بوی فاضلاب مواجه هستند. لازم است هرچه زودتر اطلاع رسانی مناسبی در رابطه با زمان پایان این مساله شود. #اطلاع_رسانی_کنید ✅ اخبار  تعطیلی مدارس و‌ادارات و دانشگاه های خوزستان را دنبال کنید👇 https://t.me/khozkhabar https://t.me/khozkhabar,"
1. موضوع: شهری
2. اولویت: High
3. اقدام: اطلاع‌رسانی دقیق و فوری در خصوص زمان رفع مشکل قطعی و آلودگی آب شرب ضروری است.
4. محله: نامشخص"
[Photo] 📸 آسمان دیروز اهواز#اطلاع_رسانی_کنید ✅ اخبار  تعطیلی مدارس و‌ادارات و دانشگاه های خو [...],"شبکه خبری خوزستان

ارتباط با ما👇
@havaaye
رزرو آگهی و تبلیغات👇
@khz_34",📸 آسمان دیروز اهواز #اطلاع_رسانی_کنید ✅ اخبار  تعطیلی مدارس و‌ادارات و دانشگاه های خوزستان را دنبال کنید👇 https://t.me/khozkhabar https://t.me/khozkhabar,":
1. موضوع: شهری
2. اولویت: Medium
3. اقدام: اطلاع‌رسانی درباره‌ی تعطیلی مدارس و ادارات خوزستان در حال انجام است.
4. محله: نامشخص"
♦️وام بانکی یا دام کلاهبرداری؟🔹معاون مبارزه با کلاهبرداری پلیس آگاهی فراجا: مجرمان از جرایم خ [...],"شبکه خبری خوزستان

ارتباط با ما👇
@havaaye
رزرو آگهی و تبلیغات👇
@khz_34",♦️وام بانکی یا دام کلاهبرداری؟ 🔹معاون مبارزه با کلاهبرداری پلیس آگاهی فراجا: مجرمان از جرایم خشن به کلاهبرداری‌های نرم روی آورده‌اند. 🔹بیشترین فراوانی کلاهبرداری در تهران و استان‌های مرکزی ثبت شده است. 🔹فروش وام و امتیاز وام از شگردهای رایج کلاهبرداران است. 🔹بسیاری از آگهی‌های وام فوری اصلاً وامی در کار ندارند. 🔹دریافت هزینه‌های اندک اداری روش فریب قربانیان است. 🔹شهروندان دریافت وام را فقط از طریق بانک‌ها پیگیری کنند. #اطلاع_رسانی_کنید ✅ اخبار  تعطیلی مدارس و‌ادارات و دانشگاه های خوزستان را دنبال کنید👇 https://t.me/khozkhabar https://t.me/khozkhabar,"1. موضوع: متفرقه
2. اولویت: Medium
3. اقدام: شهروندان برای دریافت وام فقط به بانک‌ها مراجعه کنند.
4. محله: نامشخص
"
♦️دفترهای ازدواج فردا تا ساعت ۱۹ فعال هستند🔹معاون امور اسناد سازمان ثبت اسناد: به مناسبت سالر [...],"شبکه خبری خوزستان

ارتباط با ما👇
@havaaye
رزرو آگهی و تبلیغات👇
@khz_34",♦️دفترهای ازدواج فردا تا ساعت ۱۹ فعال هستند 🔹معاون امور اسناد سازمان ثبت اسناد: به مناسبت سالروز ولادت حضرت علی(ع) دفاتر ثبت ازدواج در روز شنبه ۱۳ دی تا ساعت ۱۹ فعال هستند. #اطلاع_رسانی_کنید ✅ اخبار  تعطیلی مدارس و‌ادارات و دانشگاه های خوزستان را دنبال کنید👇 https://t.me/khozkhabar https://t.me/khozkhabar,"
1. موضوع: متفرقه
2. اولویت: Low
3. اقدام: دفاتر ثبت ازدواج اهواز فردا تا ساعت ۱۹ فعال خواهند بود.
4. محله: نامشخص"
♦️کاهش آلودگی در خوزستان🔹آلودگی هوا در خوزستان کاهش چشمگیری داشت و اهالی شهرهای مختلف می‌توان [...],"شبکه خبری خوزستان

ارتباط با ما👇
@havaaye
رزرو آگهی و تبلیغات👇
@khz_34",♦️کاهش آلودگی در خوزستان 🔹آلودگی هوا در خوزستان کاهش چشمگیری داشت و اهالی شهرهای مختلف می‌توانند نفس راحتی بکشند. 🔹 بر اساس اندازه‌گیری ذرات معلق با اندازه ۲.۵ میکرون، آلودگی هوا در ایستگاه‌های خرمشهر و سوسنگرد نارنجی و ناسالم برای گروه‌های سنی حساس است. #اطلاع_رسانی_کنید ✅ اخبار  تعطیلی مدارس و‌ادارات و دانشگاه های خوزستان را دنبال کنید👇 https://t.me/khozkhabar https://t.me/khozkhabar,"
1. موضوع: محیط زیست
2. اولویت: Medium
3. اقدام: اطلاع‌رسانی وضعیت آلودگی هوا به گروه‌های سنی حساس در خرمشهر و سوسنگرد ضروری است.
4. محله: نامشخص"
🔴 #اطلاعیه قطعی برق در برخی از مناطق دزفـول🔻اداره توزیع برق دزفول اعلام کرد ؛ به منظور انجام [...],"شبکه خبری خوزستان

ارتباط با ما👇
@havaaye
رزرو آگهی و تبلیغات👇
@khz_34",🔴 #اطلاعیه قطعی برق در برخی از مناطق دزفـول 🔻اداره توزیع برق دزفول اعلام کرد ؛ به منظور انجام تعمیرات شبکه ، برق مناطق زیر جمعه مورخ ۱۴۰۴/۱۰/۱۲  از ساعت:  ۰۷:۳۰ صبح  به مدت ۳ ساعت قطع خواهد بود . 🔻مکان های خاموش ؛ ▫️ضلع شمالی و جنوبی خیابان طالقانی از میدان فتح‌المبین تا محله قلعه. ▪️خیابان آفرینش از خیابان طالقانی تا خیابان شریعتی ▫️خیابان استقلال ،کوچه فارغ، بیگدلی، آقامیری #اطلاع_رسانی_کنید ✅ اخبار  تعطیلی مدارس و‌ادارات و دانشگاه های خوزستان را دنبال کنید👇 https://t.me/khozkhabar https://t.me/khozkhabar,"
1. موضوع: امدادی
2. اولویت: High
3. اقدام: قطعی برق به مدت ۳ ساعت در مناطق مشخص شده دزفول به دلیل تعمیرات شبکه.
4. محله: نامشخص (اگرچه محله قلعه ذکر شده، اما شهر اهواز نیست)"
♦️نجات ۴ محکوم به قصاص از چوبه دار در خوزستاندادستان مرکز استان خوزستان:🔹چهار محکوم به قصاص پ [...],"شبکه خبری خوزستان

ارتباط با ما👇
@havaaye
رزرو آگهی و تبلیغات👇
@khz_34",♦️نجات ۴ محکوم به قصاص از چوبه دار در خوزستان دادستان مرکز استان خوزستان: 🔹چهار محکوم به قصاص پس از سال‌ها تحمل حبس  رها شدند. اقدامی که با جلب رضایت اولیای دم و در چارچوب سیاست‌های قوه قضائیه برای ترویج فرهنگ صلح و سازش محقق شد. 🔹این محکومان به ترتیب ۱۴ سال، ۱۱ سال، ۸ سال و ۶ سال در زندان به سر می‌بردند، گذشت انسان‌دوستانه اولیای دم، مسیر بازگشت این افراد به زندگی عادی و کانون خانواده را فراهم کرد و جلوه‌ای ارزشمند از فرهنگ بخشش و گذشت را در جامعه به نمایش گذاشت. #اطلاع_رسانی_کنید ✅ اخبار  تعطیلی مدارس و‌ادارات و دانشگاه های خوزستان را دنبال کنید👇 https://t.me/khozkhabar https://t.me/khozkhabar,"1. موضوع: متفرقه
2. اولویت: Medium
3. اقدام: چهار محکوم به قصاص با جلب رضایت اولیای دم از زندان آزاد شدند.
4. محله: نامشخص
"
[Video] 🎥پدر یعنی امنیتِ همیشگی، یعنی اولین قهرمان و آخرین پناهگاه🌹#اطلاع_رسانی_کنید ✅ اخبا [...],"شبکه خبری خوزستان

ارتباط با ما👇
@havaaye
رزرو آگهی و تبلیغات👇
@khz_34",🎥پدر یعنی امنیتِ همیشگی، یعنی اولین قهرمان و آخرین پناهگاه🌹 #اطلاع_رسانی_کنید ✅ اخبار  تعطیلی مدارس و‌ادارات و دانشگاه های خوزستان را دنبال کنید👇 https://t.me/khozkhabar https://t.me/khozkhabar,"1. موضوع: شهری
2. اولویت: Medium
3. اقدام: اطلاع‌رسانی درباره تعطیلی مدارس، ادارات و دانشگاه‌های خوزستان در حال انجام است.
4. محله: نامشخص
"
[Photo] #صدای_مردم این آب شرب کوی مهدیس اهواز که الان چندروزه گله#اطلاع_رسانی_کنید ✅ اخبار  ت [...],"شبکه خبری خوزستان

ارتباط با ما👇
@havaaye
رزرو آگهی و تبلیغات👇
@khz_34",#صدای_مردم این آب شرب کوی مهدیس اهواز که الان چندروزه گله #اطلاع_رسانی_کنید ✅ اخبار  تعطیلی مدارس و‌ادارات و دانشگاه های خوزستان را دنبال کنید👇 https://t.me/khozkhabar https://t.me/khozkhabar,"
1. موضوع: شهری
2. اولویت: High
3. اقدام: بررسی و رفع مشکل آب شرب کوی مهدیس در اهواز در اولویت قرار گیرد.
4. محله: مهدیس"
[Photo] ♦️پلیس غنا ابونوح را به علت کلاهبرداری دستگیر کرد🔹او ادعا کرده بود که به زودی سیل و ط [...],"شبکه خبری خوزستان

ارتباط با ما👇
@havaaye
رزرو آگهی و تبلیغات👇
@khz_34",♦️پلیس غنا ابونوح را به علت کلاهبرداری دستگیر کرد 🔹او ادعا کرده بود که به زودی سیل و طوفان‌ های عظیم جهان را پایان خواهد داد و از مردم در ازای سوار شدن به کشتی‌ های نجاتش پول دریافت می‌کرد. با پول‌ های جمع‌آوری شده، هفت کشتی ساخت و برای خود خودروی مرسدس بنز، آیفون ۱۷ و کالاهای دیگر خریداری کرده بود. #اطلاع_رسانی_کنید ✅ اخبار  تعطیلی مدارس و‌ادارات و دانشگاه های خوزستان را دنبال کنید👇 https://t.me/khozkhabar https://t.me/khozkhabar,":
1. موضوع: متفرقه
2. اولویت: Low
3. اقدام: پلیس فرد کلاهبرداری را دستگیر کرده که با وعده نجات از سیل، از مردم پول می‌گرفته است.
4. محله: نامشخص"
♦️دستگیری قاتل متواری در شادگان🔹دادستان عمومی و انقلاب شهرستان شادگان: قاتل متواری با پیگیری  [...],"شبکه خبری خوزستان

ارتباط با ما👇
@havaaye
رزرو آگهی و تبلیغات👇
@khz_34",♦️دستگیری قاتل متواری در شادگان 🔹دادستان عمومی و انقلاب شهرستان شادگان: قاتل متواری با پیگیری مستمر دستگاه قضایی و همکاری مؤثر نیروهای انتظامی دستگیر شد. 🔹در بازرسی از مخفیگاه متهم، یک قبضه سلاح کلت کمری به همراه دو تیغه خشاب و تعدادی فشنگ کشف و ضبط شد. #اطلاع_رسانی_کنید ✅ اخبار  تعطیلی مدارس و‌ادارات و دانشگاه های خوزستان را دنبال کنید👇 https://t.me/khozkhabar https://t.me/khozkhabar,"1. موضوع: شهری
2. اولویت: High
3. اقدام: دستگیری قاتل متواری در شهرستان شادگان انجام شد.
4. محله: نامشخص
"
♦️رئیس هلال احمر ایذه : تعدادی از وسایل مربوط به فرد مفقود شده لحظاتی پیش پیدا شد .,"شبکه خبری خوزستان

ارتباط با ما👇
@havaaye
رزرو آگهی و تبلیغات👇
@khz_34",♦️رئیس هلال احمر ایذه : تعدادی از وسایل مربوط به فرد مفقود شده لحظاتی پیش پیدا شد . تلاش برای یافتن پیکر بدون وقفه ادامه دارد #اطلاع_رسانی_کنید ✅ اخبار  تعطیلی مدارس و‌ادارات و دانشگاه های خوزستان را دنبال کنید👇 https://t.me/khozkhabar https://t.me/khozkhabar,"
1. موضوع: امدادی
2. اولویت: High
3. اقدام: جستجوی فرد مفقود شده در ایذه با جدیت ادامه دارد.
4. محله: نامشخص"
♦️در درگیری مسلحانه بین دوطائفه در راسک برسر زمین؛ ۲ نفر فوت و ۲ تن مصدوم شدند🔹فرمانده انتظام [...],"شبکه خبری خوزستان

ارتباط با ما👇
@havaaye
رزرو آگهی و تبلیغات👇
@khz_34",♦️در درگیری مسلحانه بین دوطائفه در راسک برسر زمین؛ ۲ نفر فوت و ۲ تن مصدوم شدند 🔹فرمانده انتظامی شهرستان راسک از وقوع درگیری مسلحانه بین دو طائفه به دلیل اختلاف ملکی خبر داد. این حادثه منجر به ۲ کشته و ۲ مصدوم شد. اوضاع اکنون تحت کنترل است و آرامش در منطقه برقرار است. #اطلاع_رسانی_کنید ✅ اخبار  تعطیلی مدارس و‌ادارات و دانشگاه های خوزستان را دنبال کنید👇 https://t.me/khozkhabar https://t.me/khozkhabar,":
1. موضوع: امنیتی/متفرقه
2. اولویت: High
3. اقدام: پلیس باید علت اصلی درگیری را بررسی و از تکرار آن جلوگیری کند.
4. محله: نامشخص (راسک یک شهرستان است، نه محله اهواز)"
[Photo] حذف لبنیات به بهانه طبع سرد، علمی نیست🔹دفتر بهبود تغذیه جامعه وزارت بهداشت با رد باور [...],"شبکه خبری خوزستان

ارتباط با ما👇
@havaaye
رزرو آگهی و تبلیغات👇
@khz_34",حذف لبنیات به بهانه طبع سرد، علمی نیست 🔹دفتر بهبود تغذیه جامعه وزارت بهداشت با رد باور رایج سردی‌زا بودن لبنیات تأکید کرد: حذف یا مصرف بسیار کم شیر، ماست و دوغ از رژیم غذایی به بهانه طبع سرد، پشتوانه علمی ندارد و می‌تواند سلامت عمومی را به خطر بیندازد. 🔹مصرف لبنیات کم‌چرب به‌ویژه انواع تخمیری مانند ماست و پنیر با کاهش خطر دیابت نوع دو، بیماری‌های قلبی‌عروقی و چاقی مرتبط است. بنابراین کنار گذاشتن لبنیات به دلایل غیرعلمی توصیه نمی‌شود. 🔹لبنیات منبع مهم پروتئین با کیفیت بالا، کلسیم، فسفر، ویتامین‌های گروه B و ویتامین D هستند و نقش مؤثری در سلامت استخوان، متابولیسم و پیشگیری از برخی بیماری‌ها دارند. اهمیت مصرف لبنیات در دوران کودکی، نوجوانی، بارداری و شیردهی دوچندان است. 🔹در برخی افراد مبتلا به میگرن، بعضی لبنیات می‌توانند محرک سردرد باشند و در روماتیسم مفصلی نیز احتمال تشدید درد مفصلی وجود دارد؛ این موارد نیازمند تنظیم فردی رژیم غذایی است، نه حذف کلی. #اطلاع_رسانی_کنید ✅ اخبار  تعطیلی مدارس و‌ادارات و دانشگاه های خوزستان را دنبال کنید👇 https://t.me/khozkhabar https://t.me/khozkhabar,"1. موضوع: بهداشت/تغذیه
2. اولویت: Medium
3. اقدام: مصرف لبنیات با در نظر گرفتن شرایط فردی و عدم حذف کلی آن توصیه می‌شود.
4. محله: نامشخص
"
♦️فهرست کالاهای مشمول کالابرگ الکترونیک منتشر شد🔹اقلام اساسی طرح کالابرگ الکترونیک دارای ۱۱ ق [...],"شبکه خبری خوزستان

ارتباط با ما👇
@havaaye
رزرو آگهی و تبلیغات👇
@khz_34",♦️فهرست کالاهای مشمول کالابرگ الکترونیک منتشر شد 🔹اقلام اساسی طرح کالابرگ الکترونیک دارای ۱۱ قلم در گروه خواروبار شامل برنج، روغن، ماکارونی، حبوبات، قند و شکر، گروه لبنیات شیر، ماست و پنیر و گروه پروتئینی شامل گوشت قرمز، گوشت سفید (مرغ، بوقلمون، ماهی و میگو) است. 🔹اقلام در نظر گرفته در طرح ارتقا امنیت غذایی کودکان دارای سوءتغذیه ۵ تا ۵۹ ماه نیز شامل ۱۱ قلم کالای اساسی به اضافه گروه میوه و سبزیجات و البته مغزی‌جات شامل آجیل و خرما #اطلاع_رسانی_کنید ✅ اخبار  تعطیلی مدارس و‌ادارات و دانشگاه های خوزستان را دنبال کنید👇 https://t.me/khozkhabar https://t.me/khozkhabar,"1. موضوع: متفرقه
2. اولویت: Low
3. اقدام: اطلاع‌رسانی در خصوص فهرست کالاهای مشمول کالابرگ الکترونیک انجام شد.
4. محله: نامشخص
"
[Photo],"شبکه خبری خوزستان

ارتباط با ما👇
@havaaye
رزرو آگهی و تبلیغات👇
@khz_34",,"متاسفم، اما محتوای خبر ارائه نشده است. برای استخراج اطلاعات کلیدی و ارائه خروجی در فرمت مورد نظر، به متن کامل خبر نیاز دارم. لطفا متن خبر را در اختیار من قرار دهید.
"
♦️دستگیری عاملان اصلی اقدامات مخل امنیت در ایذهدادستان عمومی و انقلاب ایذه :🔹در روزهای گذشته  [...],"شبکه خبری خوزستان

ارتباط با ما👇
@havaaye
رزرو آگهی و تبلیغات👇
@khz_34",♦️دستگیری عاملان اصلی اقدامات مخل امنیت در ایذه دادستان عمومی و انقلاب ایذه : 🔹در روزهای گذشته عده‌ای معدود از افراد فریب خورده مبادرت به اقدامات مخل نظم و امنیت کردند که بلافاصله با ورود قاطع نیرو‌های انتظامی و امنیتی، افراد هدایت‌کننده دستگیر شدند. 🔹️ متأسفانه برخی جوانان و نوجوانان در اثر هجمه رسانه‌های معاند و فضای مجازی ممکن است بصورت احساسی اقداماتی را مرتکب شوند که نقش خواص جامعه، بزرگان طوایف و خانواده‌ها در آگاه و اقناع سازی این افراد و پیشگیری از وقوع این آسیب‌ها بسیار موثر است. #اطلاع_رسانی_کنید ✅ اخبار  تعطیلی مدارس و‌ادارات و دانشگاه های خوزستان را دنبال کنید👇 https://t.me/khozkhabar https://t.me/khozkhabar,"
1. موضوع: شهری
2. اولویت: High
3. اقدام: دستگیری عاملان اخلال در امنیت و لزوم آگاه‌سازی جوانان از سوی خانواده و بزرگان جامعه.
4. محله: نامشخص"
#اطلاعیه_فوری 🔥کلاسهای دانشگاه علوم پزشکی اهواز در هفته آینده تعطیل شدنددانشگاه علوم پزشکی اه [...],"شبکه خبری خوزستان

ارتباط با ما👇
@havaaye
رزرو آگهی و تبلیغات👇
@khz_34",#اطلاعیه_فوری 🔥کلاسهای دانشگاه علوم پزشکی اهواز در هفته آینده تعطیل شدند دانشگاه علوم پزشکی اهواز در اطلاعیه‌ای اعلام کرد: 🔹بنا بر اعلام وزارت بهداشت، درمان و آموزش پزشکی و در پی ناترازی انرژی، کلیه فعالیت‌های آموزشی دانشجویان دانشگاه علوم پزشکی جندی شاپور اهواز تا پایان هفته پیش‌ رو ( ۱۴۰۴/۱۰/۱۹ ) به ‌صورت مجازی برگزار خواهد شد. 🔹کارآموزان، کارورزان و دستیاران از این تصمیم مستثنی بوده و برنامه‌های آموزشی و حضور آنان در مراکز درمانی مطابق روال جاری و طبق برنامه‌های اعلام‌شده از سوی مراکز آموزشی و درمانی ادامه خواهد داشت. 🔹همچنین بر اساس این اطلاعیه، حضور اعضای هیئت علمی علوم پایه در گروه‌های آموزشی در این بازه زمانی اختیاری است. 🔹گفتنی است؛ امتحانات دانشجویان در هفته پیش رو لغو و زمان جدید برگزاری متعاقبا اعلام می‌گردد. 🔹ضمنا در صورت ابلاغ اطلاعیه‌های جدید، متعاقبا اعلام خواهد شد. #اطلاع_رسانی_کنید ✅ اخبار  تعطیلی مدارس و‌ادارات و دانشگاه های خوزستان را دنبال کنید👇 https://t.me/khozkhabar https://t.me/khozkhabar,"1. موضوع: شهری
2. اولویت: Medium
3. اقدام: دانشگاه علوم پزشکی اهواز کلاس‌ها را به دلیل ناترازی انرژی به صورت مجازی برگزار می‌کند.
4. محله: نامشخص
"
👑 ملّی گلد داره به همه از ۱۰ سوت تا ۱ گرم طلای رایگان میده به مناسب روز پدرفقط کافیه ثبت‌نام  [...],"شبکه خبری خوزستان

ارتباط با ما👇
@havaaye
رزرو آگهی و تبلیغات👇
@khz_34",👑 ملّی گلد داره به همه از ۱۰ سوت تا ۱ گرم طلای رایگان میده به مناسب روز پدر فقط کافیه ثبت‌نام کنید 🔸نکته : هم میتونید نقد برداشت کنید هم بذارید بمونه طلا رشد کرد سود کنید😍 برای دریافت سهم طلای خودتون، از لینک زیر ثبت‌نام کنید 👇👇 https://melligold.com/pwa/account/?ref=MGzg5gYdD7H3 ⭕️مهلت ثبت نام تا ۱۳ دیماه می باشد⏏️ دوستان همه ثبت نام کنید و هدیه بگیرید👆 معتبر هست، حتما استفاده کنید تا دیر نشده,":
1. موضوع: متفرقه
2. اولویت: Low
3. اقدام: اطلاع‌رسانی درباره یک کمپین تبلیغاتی و تشویق به ثبت‌نام.
4. محله: نامشخص"
♦️دادستان کل کشور: امنیت عمومی و آرامش جامعه، خط قرمز دستگاه قضایی است🔹موحدی: رسیدگی به مشکلا [...],"شبکه خبری خوزستان

ارتباط با ما👇
@havaaye
رزرو آگهی و تبلیغات👇
@khz_34",♦️دادستان کل کشور: امنیت عمومی و آرامش جامعه، خط قرمز دستگاه قضایی است 🔹موحدی: رسیدگی به مشکلات اقتصادی مردم، یک اولویت مستمر است و مسئولان مربوطه موظف‌اند با جدیت، پاسخگوی مطالبات قانونی و بحق شهروندان باشند. 🔹درباره ترامپ طرح ادعاهای یک‌جانبه درباره وضعیت داخلی ایران و توجیه تهدید به اقدام، هیچ وجاهت حقوقی در نظام حقوق بین‌الملل ندارد. 🔹هرگونه همراهی، هماهنگی یا ایفای نقش در پروژه‌های بی‌ثبات‌کننده دشمنان ملت ایران، تحت هر عنوانی، اقدامی علیه امنیت ملی و نظم عمومی کشور تلقی می‌شود. تفکیک میان مردم مطالبه‌گر و عناصر وابسته به برنامه‌های دشمن، برای دستگاه قضایی کاملاً روشن است. 🔹افرادی که با سو‌استفاده از مطالبات معیشتی مردم، امنیت روانی و فیزیکی جامعه را هدف قرار می‌دهند یا در مسیر تحقق اهداف دشمنان حرکت می‌کنند، وفق قوانین موضوعه کشور، با برخورد قاطع، قانونی و بازدارنده مواجه خواهند شد. 🔹امنیت عمومی و آرامش جامعه، خط قرمز دستگاه قضایی است و دادستان‌های سراسر کشور مکلف‌اند با همکاری ضابطان قضایی، اجازه ندهند دشمنان خارجی و عوامل داخلی آنان، به امنیت و ثبات کشور خدشه‌ای وارد کنند. #اطلاع_رسانی_کنید ✅ اخبار  تعطیلی مدارس و‌ادارات و دانشگاه های خوزستان را دنبال کنید👇 https://t.me/khozkhabar https://t.me/khozkhabar,"
1. موضوع: شهری
2. اولویت: High
3. اقدام: دستگاه قضایی موظف است با جدیت امنیت عمومی و آرامش جامعه را حفظ کند و به مطالبات مردم رسیدگی کند.
4. محله: نامشخص"
🔹رشد بالای ۲۰۰ درصدی بارش‌ها در برخی استان‌ها بر اساس داده‌های سازمان هواشناسی از ابتدای سال  [...],"شبکه خبری خوزستان

ارتباط با ما👇
@havaaye
رزرو آگهی و تبلیغات👇
@khz_34",🔹رشد بالای ۲۰۰ درصدی بارش‌ها در برخی استان‌ها بر اساس داده‌های سازمان هواشناسی از ابتدای سال آبی جاری تا ۱۰ دی ۱۴۰۴ بارش‌ها در کشور ۱۲.۸ درصد رشد داشته است. بیشترین رشد بارش‌ها برای استان‌های هرمزگان با ۲۹۱ درصد، کرمان با ۲۱۵ و خراسان جنوبی با ۲۰۷ درصد بوده است.,"1. موضوع: محیط زیست
2. اولویت: Medium
3. اقدام: بررسی و آمادگی برای مدیریت سیلاب‌های احتمالی در مناطق پربارش ضروری است.
4. محله: نامشخص
"
[Photo] ♦️پهلوان ایران در سال ۱۴۰۴ مشخص شد🔹رقابت های کشتی پهلوانی قهرمانی کشور طی دو روز در س [...],"شبکه خبری خوزستان

ارتباط با ما👇
@havaaye
رزرو آگهی و تبلیغات👇
@khz_34",♦️پهلوان ایران در سال ۱۴۰۴ مشخص شد 🔹رقابت های کشتی پهلوانی قهرمانی کشور طی دو روز در سالن هفتم تیر تهران برگزار و با معرفی نفرات برتر به پایان رسید. 🔹احمد میرزاپور با شکست طغانی برای سومین مرتبه صاحب بازونبد پهلوانی ایران شد. #اطلاع_رسانی_کنید ✅ اخبار  تعطیلی مدارس و‌ادارات و دانشگاه های خوزستان را دنبال کنید👇 https://t.me/khozkhabar https://t.me/khozkhabar,"
1. موضوع: متفرقه
2. اولویت: Low
3. اقدام: قهرمان کشتی پهلوانی ایران در سال ۱۴۰۴ معرفی شد.
4. محله: نامشخص"
[Video] 🎥واکنش مردم به گزافه‌گویی ترامپ: جیبمان را نزن، کمک پیشکش!,"شبکه خبری خوزستان

ارتباط با ما👇
@havaaye
رزرو آگهی و تبلیغات👇
@khz_34",🎥واکنش مردم به گزافه‌گویی ترامپ: جیبمان را نزن، کمک پیشکش! #اطلاع_رسانی_کنید ✅ اخبار  تعطیلی مدارس و‌ادارات و دانشگاه های خوزستان را دنبال کنید👇 https://t.me/khozkhabar https://t.me/khozkhabar,"
1. موضوع: شهری
2. اولویت: Medium
3. اقدام: اطلاع‌رسانی درباره احتمال تعطیلی مدارس و ادارات خوزستان به شهروندان.
4. محله: نامشخص"
[Photo] ♦️استقلال در رده چهارم و سپاهان در رده ششم🔹ارزش ۱۶ تیم حاضر در مرحله حذفی لیگ قهرمانا [...],"شبکه خبری خوزستان

ارتباط با ما👇
@havaaye
رزرو آگهی و تبلیغات👇
@khz_34",♦️استقلال در رده چهارم و سپاهان در رده ششم 🔹ارزش ۱۶ تیم حاضر در مرحله حذفی لیگ قهرمانان آسیا دو #اطلاع_رسانی_کنید ✅ اخبار  تعطیلی مدارس و‌ادارات و دانشگاه های خوزستان را دنبال کنید👇 https://t.me/khozkhabar https://t.me/khozkhabar,"
1. موضوع: متفرقه
2. اولویت: Low
3. اقدام: اطلاع‌رسانی درباره اخبار تعطیلی مدارس و ادارات خوزستان.
4. محله: نامشخص"
[Photo] 📸طلوع اَبَرماه گرگ؛ درخشان‌ترین ماه کامل سال در راه است🔹اَبَرماه گرگ در شامگاه فردا  [...],"شبکه خبری خوزستان

ارتباط با ما👇
@havaaye
رزرو آگهی و تبلیغات👇
@khz_34",📸طلوع اَبَرماه گرگ؛ درخشان‌ترین ماه کامل سال در راه است 🔹اَبَرماه گرگ در شامگاه فردا ۱۳ دی (سوم ژانویه) طلوع می‌کند. این پدیده که در آن ماه کامل در نزدیک‌ترین فاصله از زمین قرار دارد، باعث می‌شود ماه تا ۳۰ درصد درخشان‌تر و ۱۴ درصد بزرگ‌تر از حد معمول به نظر برسد. 🔹این اَبَرماه، آغازگر فهرست پربار رویدادهای نجومی سال ۲۰۲۶ است که با ۱۳ ماه کامل و دو ماه‌گرفتگی، سالی استثنایی برای دوستداران آسمان خواهد بود. #اطلاع_رسانی_کنید ✅ اخبار  تعطیلی مدارس و‌ادارات و دانشگاه های خوزستان را دنبال کنید👇 https://t.me/khozkhabar https://t.me/khozkhabar,"
1. موضوع: محیط زیست
2. اولویت: Low
3. اقدام: مشاهده اَبَرماه گرگ در شامگاه ۱۳ دی برای علاقه‌مندان به پدیده‌های نجومی توصیه می‌شود.
4. محله: نامشخص"
♦️دستگیری تعدادی اخلال‌گر در شوشتر/ کشف یک قبضه کلت کمری 🔹سرهنگ کاظمی، فرمانده انتظامی شوشتر  [...],"شبکه خبری خوزستان

ارتباط با ما👇
@havaaye
رزرو آگهی و تبلیغات👇
@khz_34",♦️دستگیری تعدادی اخلال‌گر در شوشتر/ کشف یک قبضه کلت کمری 🔹سرهنگ کاظمی، فرمانده انتظامی شوشتر در بیان جزئیات این خبر گفت: غروب پنج شنبه تجمعی در راستای مطالبات معیشتی برگزار شد که متأسفانه تعدادی افراد اوباش و عناصر فرصت‌طلب با سوءاستفاده از این فضا، اقدام به سر دادن شعارهای ساختارشکنانه کرده و در نظم و امنیت عمومی شهرستان اخلال ایجاد کردند. 🔹با هوشیاری و اقدام به‌موقع مأموران انتظامی، چند نفر از اخلال گران شناسایی و دستگیر شدند که از آن‌ها یک قبضه کلت کمری، ۱۲ تیغه قمه و یک تیغه خشاب کشف شد. #اطلاع_رسانی_کنید ✅ اخبار  تعطیلی مدارس و‌ادارات و دانشگاه های خوزستان را دنبال کنید👇 https://t.me/khozkhabar https://t.me/khozkhabar,"
1. موضوع: شهری
2. اولویت: High
3. اقدام: دستگیری اخلال‌گران و کشف سلاح برای برقراری امنیت عمومی.
4. محله: نامشخص"
[Video] .در جریان بارندگی‌های شدید اندیمشک، یکی از صحنه‌هایی که واقعاً دل آدم را گرم می‌کرد و  [...],"شبکه خبری خوزستان

ارتباط با ما👇
@havaaye
رزرو آگهی و تبلیغات👇
@khz_34",. در جریان بارندگی‌های شدید اندیمشک، یکی از صحنه‌هایی که واقعاً دل آدم را گرم می‌کرد و جای قدردانی داشت، تلاش بی‌وقفه کارگران زحمتکش شهرداری بود؛ عزیزانی که در اوج سرما و زیر باران، با دستان خیس و خسته، برای باز کردن گرفتگی فاضلاب و جلوگیری از آب‌گرفتگی شهر از جان مایه گذاشتند. خداقوت و خسته‌نباشید به این قهرمانان بی‌ادعا که آرامش شهر مدیون زحمات شبانه‌روزی‌شان است 🙏 #اطلاع_رسانی_کنید ✅ اخبار  تعطیلی مدارس و‌ادارات و دانشگاه های خوزستان را دنبال کنید👇 https://t.me/khozkhabar https://t.me/khozkhabar,"
1. موضوع: شهری
2. اولویت: Medium
3. اقدام: شهرداری اندیمشک برای رفع آب‌گرفتگی و باز کردن فاضلاب‌ها در بارندگی‌های شدید تلاش می‌کند.
4. محله: نامشخص"
👑 ملّی گلد داره به همه از ۱۰ سوت تا ۱ گرم طلای رایگان میده به مناسب روز پدرفقط کافیه ثبت‌نام  [...],"شبکه خبری خوزستان

ارتباط با ما👇
@havaaye
رزرو آگهی و تبلیغات👇
@khz_34",👑 ملّی گلد داره به همه از ۱۰ سوت تا ۱ گرم طلای رایگان میده به مناسب روز پدر فقط کافیه ثبت‌نام کنید 🔸نکته : هم میتونید نقد برداشت کنید هم بذارید بمونه طلا رشد کرد سود کنید😍 برای دریافت سهم طلای خودتون، از لینک زیر ثبت‌نام کنید 👇👇 https://melligold.com/pwa/account/?ref=MGzg5gYdD7H3 ⭕️مهلت ثبت نام تا ۱۳ دیماه می باشد⏏️ دوستان همه ثبت نام کنید و هدیه بگیرید👆 معتبر هست، حتما استفاده کنید تا دیر نشده,"
1. موضوع: متفرقه
2. اولویت: Low
3. اقدام: اطلاع‌رسانی درباره یک کمپین تبلیغاتی و ثبت‌نام برای دریافت هدیه.
4. محله: نامشخص"
#فوری 🔥آیا مدارس کشور، یکشنبه و دوشنبه غیرحضوری می شود؟🔹طی هفته های گذشته وزارت آموزش و‌پرور [...],"شبکه خبری خوزستان

ارتباط با ما👇
@havaaye
رزرو آگهی و تبلیغات👇
@khz_34",#فوری 🔥آیا مدارس کشور، یکشنبه و دوشنبه غیرحضوری می شود؟ 🔹طی هفته های گذشته وزارت آموزش و‌پرورش اعلام کرد که مدارس حق برگزاری امتحانات در ایام اعتکاف را ندارند. از فردا اعتکاف دانش  آموزی شروع می شود و تعداد زیادی دانش آموز و‌معلم تا روز دوشنبه در اعتکاف هستند باید دید آیا یکشنبه و  دوشنبه غیر حضوری می شود یا خیر؟ #اطلاع_رسانی_کنید ✅ اخبار  تعطیلی مدارس و‌ادارات و دانشگاه های خوزستان را دنبال کنید👇 https://t.me/khozkhabar https://t.me/khozkhabar,"
1. موضوع: شهری
2. اولویت: Medium
3. اقدام: بررسی احتمال غیرحضوری شدن مدارس در روزهای یکشنبه و دوشنبه.
4. محله: نامشخص"
[Photo] 🌱هر روز خود را با بِسْمِ اللَّـهِ الرَّحْمَـٰنِ الرَّحِيمِ شروع کنید🗓 امروز شنبه🔹۱۳  [...],"شبکه خبری خوزستان

ارتباط با ما👇
@havaaye
رزرو آگهی و تبلیغات👇
@khz_34",🌱هر روز خود را با بِسْمِ اللَّـهِ الرَّحْمَـٰنِ الرَّحِيمِ شروع کنید 🗓 امروز شنبه 🔹۱۳ دی ۱۴۰۴  خورشیدی 🔹۱۳ رجب ۱۴۴۷   قمری 🔹3 ژانویه 2026  میلادی رویدادها: ▪️ولادت امام علی(ع) - تعطیل ▪️آغاز ایام البیض - اعتکاف ▪️روز پدر - تعطیل ▪️روز جهانی مقاومت ▪️شهادت الگوی اخلاص و عمل سردار سپهبدحاج قاسم سلیمانی به دست استکبار جهانی ▪️ابلاغ پیام تاریخی حضرت امام(ره) به گورباچف رهبر شوروی سابق - ۱۳۶۷ هـ ش ذکر روز(۱۰۰ مرتبه): 📿  یا رَبِّ الْعالَمِین - ای پروردگار جهانیان اوقات شرعی به افق اهواز: 🔸اذان صبح:            05:50 🔸اذان ظهر:             12:20 🔸اذان مغرب:          17:44 🔸نیمه‌شب شرعی:   23:37 #تقویم_روز #اطلاع_رسانی_کنید ✅ اخبار  تعطیلی مدارس و‌ادارات و دانشگاه های خوزستان را دنبال کنید👇 https://t.me/khozkhabar https://t.me/khozkhabar,"
1. موضوع: متفرقه
2. اولویت: Low
3. اقدام: اطلاع‌رسانی درباره رویدادها، مناسبت‌ها و اوقات شرعی شهر اهواز.
4. محله: نامشخص"
[Video] 💐 میلاد با سعادت یعسوب الدین، امام المتقین، فاتح باب خیبر، اسدالله الغالب، حضرت امیرا [...],"شبکه خبری خوزستان

ارتباط با ما👇
@havaaye
رزرو آگهی و تبلیغات👇
@khz_34",💐 میلاد با سعادت یعسوب الدین، امام المتقین، فاتح باب خیبر، اسدالله الغالب، حضرت امیرالمؤمنین علی بن ابی طالب علیه السلام و همچنین روز پدر رو بر شما تبریک عرض می کنیم 🔸🔶 ان شاء الله سایه تمام پدرها بالا سر خانوادشون باشه ❤️ خدا پدرهای سفر کرده رو شامل رحمت خودش قرار بده و مهمان حضرت مولا باشند و یک دسته گل زیبای فاتحه و صلوات هدیه کنیم به این پدران 🌺 عید همه شما مبارک باشه 🌺 #ولادت #اطلاع_رسانی_کنید ✅ اخبار  تعطیلی مدارس و‌ادارات و دانشگاه های خوزستان را دنبال کنید👇 https://t.me/khozkhabar https://t.me/khozkhabar,"
1. موضوع: متفرقه
2. اولویت: Low
3. اقدام: تبریک به مناسبت ولادت امام علی (ع) و روز پدر.
4. محله: نامشخص"
[Video] 🎥 هواشناسی: از یکشنبه تا چهارشنبه در بیشتر مناطق کشور جو هوا پایدار است و این موضوع ب [...],"شبکه خبری خوزستان

ارتباط با ما👇
@havaaye
رزرو آگهی و تبلیغات👇
@khz_34",🎥 هواشناسی: از یکشنبه تا چهارشنبه در بیشتر مناطق کشور جو هوا پایدار است و این موضوع باعث آلودگی هوا در شهرهای صنعتی خواهد شد. #هواشناسی #اطلاع_رسانی_کنید ✅ اخبار  تعطیلی مدارس و‌ادارات و دانشگاه های خوزستان را دنبال کنید👇 https://t.me/khozkhabar https://t.me/khozkhabar,"

1. موضوع: محیط زیست
2. اولویت: Medium
3. اقدام: اطلاع‌رسانی درباره احتمال آلودگی هوا در شهرهای صنعتی به شهروندان ضروری است.
4. محله: نامشخص"
🔥۳ شهر خوزستان در وضعیت قرمز آلودگی هوا🔹 آلودگی هوا در روز شنبه سیزدهم دی‌ماه سال ۱۴۰۴ در خو [...],"شبکه خبری خوزستان

ارتباط با ما👇
@havaaye
رزرو آگهی و تبلیغات👇
@khz_34",🔥۳ شهر خوزستان در وضعیت قرمز آلودگی هوا 🔹 آلودگی هوا در روز شنبه سیزدهم دی‌ماه سال ۱۴۰۴ در خوزستان افزایش یافت به‌طوری‌که هوای ۳ شهر از این استان در وضعیت قرمز و ناسالم برای همه گروه‌های سنی قرار دارد. 🔹 بر اساس اندازه‌گیری ذرات معلق با اندازه ۲.۵ میکرون، آلودگی هوا در ایستگاه‌های پایش کارون، خرمشهر و دانشگاه علوم پزشکی آبادان بیش از ۱۵۰ میکروگرم است که هوای این شهرها در وضعیت قرمز و ناسالم برای همه گروه‌های سنی قرار گرفت. #اطلاع_رسانی_کنید ✅ اخبار  تعطیلی مدارس و‌ادارات و دانشگاه های خوزستان را دنبال کنید👇 https://t.me/khozkhabar https://t.me/khozkhabar,"
1. موضوع: محیط زیست
2. اولویت: High
3. اقدام: اطلاع‌رسانی به شهروندان در مورد وضعیت قرمز آلودگی هوا و احتمال تعطیلی مدارس و ادارات.
4. محله: نامشخص"
♦️درگیری مرزبانان در سراوان با گروهک تروریستیفرمانده مرزبانی سیستان و بلوچستان:🔹اعضای تیمی از [...],"شبکه خبری خوزستان

ارتباط با ما👇
@havaaye
رزرو آگهی و تبلیغات👇
@khz_34",♦️درگیری مرزبانان در سراوان با گروهک تروریستی فرمانده مرزبانی سیستان و بلوچستان: 🔹اعضای تیمی از گروهک تروریستی که قصدض ورود به خاک کشورمان را داشتند با مرزبانان درگیر شدند. 🔹این گروهک تروریستی با تحمل خسارات سنگین و زخمی شدن چند تن از اعضای آن، با برجا گذاشتن تجهیزات از منطقه متواری شدند. #اطلاع_رسانی_کنید ✅ اخبار  تعطیلی مدارس و‌ادارات و دانشگاه های خوزستان را دنبال کنید👇 https://t.me/khozkhabar https://t.me/khozkhabar,"1. موضوع: امنیتی/متفرقه
2. اولویت: High
3. اقدام: مرزبانان با گروهک تروریستی درگیر شده و آن‌ها را متواری کردند.
4. محله: نامشخص
"
[Video] 🎥 حمله نظامی آمریکا به ونزوئلا آغاز شد#اطلاع_رسانی_کنید ✅ اخبار  تعطیلی مدارس و‌ادار [...],"شبکه خبری خوزستان

ارتباط با ما👇
@havaaye
رزرو آگهی و تبلیغات👇
@khz_34",🎥 حمله نظامی آمریکا به ونزوئلا آغاز شد #اطلاع_رسانی_کنید ✅ اخبار  تعطیلی مدارس و‌ادارات و دانشگاه های خوزستان را دنبال کنید👇 https://t.me/khozkhabar https://t.me/khozkhabar,"1. موضوع: شهری
2. اولویت: High
3. اقدام: اطلاع‌رسانی درباره تعطیلی مدارس، ادارات و دانشگاه‌های خوزستان ضروری است.
4. محله: نامشخص
"
🔴ونزوئلا با بیش از 300 میلیارد بشکه، بزرگترین ذخایر نفت جهان رو داره؛ آمریکا میخواد اونو تصاح [...],"شبکه خبری خوزستان

ارتباط با ما👇
@havaaye
رزرو آگهی و تبلیغات👇
@khz_34",🔴ونزوئلا با بیش از 300 میلیارد بشکه، بزرگترین ذخایر نفت جهان رو داره؛ آمریکا میخواد اونو تصاحب کنه...,"
1. موضوع: متفرقه
2. اولویت: Low
3. اقدام: این خبر مربوط به ذخایر نفت ونزوئلا و اهداف آمریکا است و نیازی به اقدام فوری شهری ندارد.
4. محله: نامشخص
"
[Photo] 🥶احتمال یخ‌زدگی سطح زمین در خوزستان🔹مدیرکل هواشناسی خوزستان: طبق آخرین نقشه‌های پیش  [...],"شبکه خبری خوزستان

ارتباط با ما👇
@havaaye
رزرو آگهی و تبلیغات👇
@khz_34",🥶احتمال یخ‌زدگی سطح زمین در خوزستان 🔹مدیرکل هواشناسی خوزستان: طبق آخرین نقشه‌های پیش یابی هواشناسی، تا اواخر وقت امروز سامانه بارشی ضعیف سبب رگبار‌های نقطه‌ای گاهی رعد و برق و وزش باد متوسط در مناطق شمالِ غربی، شمالی، شمالِ شرقی، شرقی و ارتفاعات و احتمال بارش‌های پراکنده در دیگر نقاط استان خواهد شد. 🔹 از فردا روند کاهش دما (بویژه دمای شبانه) در کل استان و احتمال یخزدگی سطح زمین در مناطق شمالی و شرقی وجود دارد. #اطلاع_رسانی_کنید ✅ اخبار  تعطیلی مدارس و‌ادارات و دانشگاه های خوزستان را دنبال کنید👇 https://t.me/khozkhabar https://t.me/khozkhabar,"1. موضوع: امدادی
2. اولویت: High
3. اقدام: اطلاع‌رسانی به شهروندان در خصوص احتمال یخ‌زدگی و لزوم احتیاط.
4. محله: نامشخص
"
🔥۱۱ شهر خوزستان بر مدار آلودگی هوا🔹بنا بر اعلام سامانه پایش کیفی هوای کشور در ساعت هشت صبح ا [...],"شبکه خبری خوزستان

ارتباط با ما👇
@havaaye
رزرو آگهی و تبلیغات👇
@khz_34",🔥۱۱ شهر خوزستان بر مدار آلودگی هوا 🔹بنا بر اعلام سامانه پایش کیفی هوای کشور در ساعت هشت صبح امروز ۱۳ دی‌ماه، شاخص کیفیت هوا در شهر‌های آبادان و خرمشهر در وضعیت قرمز آلودگی هوا برای همه گروه‌های سنی است. 🔹همچنین شاخص کیفیت هوا در شهر‌های آغاجاری، امیدیه، اهواز، بهبهان، سوسنگرد، شوشتر، شوش و کوت عبدالله و هندیجان در وضعیت نارنجی آلودگی هواست. #اطلاع_رسانی_کنید ✅ اخبار  تعطیلی مدارس و‌ادارات و دانشگاه های خوزستان را دنبال کنید👇 https://t.me/khozkhabar https://t.me/khozkhabar,"1. موضوع: محیط زیست
2. اولویت: High
3. اقدام: اطلاع‌رسانی به شهروندان در خصوص آلودگی هوا و احتمال تعطیلی مدارس و ادارات.
4. محله: کوت عبدالله
"
[Photo] ♦️تصویری از دیدار مادورو با فرستاده ویژه رئیس‌جمهور چین ساعاتی قبل از حمله آمریکا#اطلا [...],"شبکه خبری خوزستان

ارتباط با ما👇
@havaaye
رزرو آگهی و تبلیغات👇
@khz_34",♦️تصویری از دیدار مادورو با فرستاده ویژه رئیس‌جمهور چین ساعاتی قبل از حمله آمریکا #اطلاع_رسانی_کنید ✅ اخبار  تعطیلی مدارس و‌ادارات و دانشگاه های خوزستان را دنبال کنید👇 https://t.me/khozkhabar https://t.me/khozkhabar,"
1. موضوع: شهری
2. اولویت: Medium
3. اقدام: اطلاع‌رسانی درباره تعطیلی مدارس، ادارات و دانشگاه‌های خوزستان در حال پیگیری است.
4. محله: نامشخص
"
[Photo] 🔺میزان عیدی ۱۴۰۵ کارگری#اطلاع_رسانی_کنید ✅ اخبار  تعطیلی مدارس و‌ادارات و دانشگاه ها [...],"شبکه خبری خوزستان

ارتباط با ما👇
@havaaye
رزرو آگهی و تبلیغات👇
@khz_34",🔺میزان عیدی ۱۴۰۵ کارگری #اطلاع_رسانی_کنید ✅ اخبار  تعطیلی مدارس و‌ادارات و دانشگاه های خوزستان را دنبال کنید👇 https://t.me/khozkhabar https://t.me/khozkhabar,"
1. موضوع: متفرقه
2. اولویت: Low
3. اقدام: اطلاع‌رسانی درباره میزان عیدی کارگری و اخبار تعطیلی‌ها در خوزستان.
4. محله: نامشخص"
[Video] 🎥به مناسبت روز اولین کسی که حمایتت میکند !,"شبکه خبری خوزستان

ارتباط با ما👇
@havaaye
رزرو آگهی و تبلیغات👇
@khz_34",🎥به مناسبت روز اولین کسی که حمایتت میکند ! 🔹اولین کسی که دوستت دارد و اولین‌های بسیار زیاد .. روز پدر مبارک ♥️ #اطلاع_رسانی_کنید ✅ اخبار  تعطیلی مدارس و‌ادارات و دانشگاه های خوزستان را دنبال کنید👇 https://t.me/khozkhabar https://t.me/khozkhabar,"1. موضوع: متفرقه
2. اولویت: Low
3. اقدام: اطلاع‌رسانی درباره اخبار تعطیلی مدارس و ادارات خوزستان.
4. محله: نامشخص
"
[Photo] ♦️دیدار خانواده شهدای اقتدار با رهبر انقلاب در روز میلاد امیرالمومنین(ع)🔹به مناسبت ۱۳ [...],"شبکه خبری خوزستان

ارتباط با ما👇
@havaaye
رزرو آگهی و تبلیغات👇
@khz_34",♦️دیدار خانواده شهدای اقتدار با رهبر انقلاب در روز میلاد امیرالمومنین(ع) 🔹به مناسبت ۱۳ رجب، خجسته سالروز میلاد باسعادت حضرت امیرالمؤمنین(ع) صبح امروز شنبه ۱۳ دی‌ ۱۴۰۴ خانوادۀ شهیدان سلیمانی و یاران همراه او و جمعی از خانواده شهدای اقتدار با حضور در حسینیۀ امام خمینی(ره) با حضرت آیت‌الله خامنه‌ای رهبر انقلاب اسلامی، دیدار کردند. #اطلاع_رسانی_کنید ✅ اخبار  تعطیلی مدارس و‌ادارات و دانشگاه های خوزستان را دنبال کنید👇 https://t.me/khozkhabar https://t.me/khozkhabar,"1. موضوع: شهری
2. اولویت: Low
3. اقدام: اطلاع‌رسانی درباره اخبار تعطیلی مدارس و ادارات خوزستان.
4. محله: نامشخص
"
[Video] 🎥 رهبر انقلاب: ما با معترض حرف می‌زنیم اما با اغتشاش‌گر حرف‌زدن فایده ندارد؛ اغتشاش‌گ [...],"شبکه خبری خوزستان

ارتباط با ما👇
@havaaye
رزرو آگهی و تبلیغات👇
@khz_34",🎥 رهبر انقلاب: ما با معترض حرف می‌زنیم اما با اغتشاش‌گر حرف‌زدن فایده ندارد؛ اغتشاش‌گر را باید سرجایش نشاند 🔹یک عده آدم تحریک‌شدۀ مزدور دشمن پشت‌سر بازاری‌ها ایستادند و شعار ضداسلام، ضدایران و ضد جمهوری اسلامی دادند. 🔹اعتراض به‌جاست اما اعتراض غیر از اغتشاش است. #اطلاع_رسانی_کنید ✅ اخبار  تعطیلی مدارس و‌ادارات و دانشگاه های خوزستان را دنبال کنید👇 https://t.me/khozkhabar https://t.me/khozkhabar,"
1. موضوع: شهری
2. اولویت: Medium
3. اقدام: اطلاع‌رسانی درباره اخبار تعطیلی مدارس و ادارات خوزستان ضروری است.
4. محله: نامشخص"
♦️ رهبر انقلاب: قشر بازاری جزو وفادارترین قشرهای کشور به انقلاب اسلامی است؛ به اسم بازار و باز [...],"شبکه خبری خوزستان

ارتباط با ما👇
@havaaye
رزرو آگهی و تبلیغات👇
@khz_34",♦️ رهبر انقلاب: قشر بازاری جزو وفادارترین قشرهای کشور به انقلاب اسلامی است؛ به اسم بازار و بازاری نمی‌توان با نظام اسلامی مقابله کرد 🔹حرف بازاری‌ها درست بود. وقتی بازاری نگاه می‌کند به وضعپولی کشور وکاهش ارزش پول کشور و عدم ثبات پول کشور، می‌گوید من نمی‌توانم کاسبی کنم و این راست است. 🔹رئیس‌جمهور و مسئولان رده‌بالا درصدد علاج این مشکل‌اند. 🔹بالارفتن بی‌حساب ارز خارجی طبیعی نیست و دست دشمن در میان است که البته باید جلوی آن گرفته شود. #اطلاع_رسانی_کنید ✅ اخبار  تعطیلی مدارس و‌ادارات و دانشگاه های خوزستان را دنبال کنید👇 https://t.me/khozkhabar https://t.me/khozkhabar,"
1. موضوع: شهری
2. اولویت: Medium
3. اقدام: بررسی وضعیت پولی کشور و تلاش برای ثبات آن ضروری است.
4. محله: نامشخص"
[Video] 🔻شدت برفِ امروز در ارتفاعات ماسال#اطلاع_رسانی_کنید ✅ اخبار  تعطیلی مدارس و‌ادارات و  [...],"شبکه خبری خوزستان

ارتباط با ما👇
@havaaye
رزرو آگهی و تبلیغات👇
@khz_34",🔻شدت برفِ امروز در ارتفاعات ماسال #اطلاع_رسانی_کنید ✅ اخبار  تعطیلی مدارس و‌ادارات و دانشگاه های خوزستان را دنبال کنید👇 https://t.me/khozkhabar https://t.me/khozkhabar,"
1. موضوع: امدادی
2. اولویت: Medium
3. اقدام: اطلاع‌رسانی درباره تعطیلی مدارس و ادارات خوزستان به دلیل بارش برف.
4. محله: نامشخص"
#فوری 🔴 غیبت دانش آموزان در ایام اعتکاف «موجه» است!!!,"شبکه خبری خوزستان

ارتباط با ما👇
@havaaye
رزرو آگهی و تبلیغات👇
@khz_34",#فوری 🔴 غیبت دانش آموزان در ایام اعتکاف «موجه» است!!! 🧑‍💻مدیرکل قرآن، عترت و نماز وزارت آموزش و پرورش: 🔹 بر اساس دستورالعمل ابلاغی وزیر آموزش و پرورش، مدارس در ایام اعتکاف و دو روز پس از آن از برگزاری امتحان خودداری می‌کنند و غیبت دانش‌آموزان شرکت‌کننده، با ثبت‌نام در سامانه نورینو، موجه محسوب می‌شود! #اطلاع_رسانی_کنید ✅ اخبار  تعطیلی مدارس و‌ادارات و دانشگاه های خوزستان را دنبال کنید👇 https://t.me/khozkhabar https://t.me/khozkhabar,"
1. موضوع: شهری
2. اولویت: Medium
3. اقدام: مدارس در ایام اعتکاف و دو روز بعد از آن نباید امتحان برگزار کنند و غیبت دانش‌آموزان شرکت‌کننده در اعتکاف موجه است.
4. محله: نامشخص"
[Photo] ♦️معاون رئیس‌جمهور ونزوئلا: از سرنوشت مادورو بی‌اطلاع هستیم🔹در پی ادعای رئیس جمهور آم [...],"شبکه خبری خوزستان

ارتباط با ما👇
@havaaye
رزرو آگهی و تبلیغات👇
@khz_34",♦️معاون رئیس‌جمهور ونزوئلا: از سرنوشت مادورو بی‌اطلاع هستیم 🔹در پی ادعای رئیس جمهور آمریکا مبنی بر بازداشت «نیکولاس مادورو» رئیس‌جمهور ونزوئلا، معاون مادورو، با ابراز بی‌اطلاعی از مکان استقرار او، خواستار ارائه مستنداتی مبنی بر سلامت و حیات او شد. #اطلاع_رسانی_کنید ✅ اخبار  تعطیلی مدارس و‌ادارات و دانشگاه های خوزستان را دنبال کنید👇 https://t.me/khozkhabar https://t.me/khozkhabar,":
1. موضوع: متفرقه
2. اولویت: Low
3. اقدام: اطلاع‌رسانی درباره اخبار مربوط به وضعیت سیاسی ونزوئلا و خوزستان.
4. محله: نامشخص"
[Photo] 🔥#هم_اکنون | شهرهای اهواز، شوشتر، خرمشهر و هندیجان در وضعیت قرمز الودگی هوا قرار گرفتند.,"شبکه خبری خوزستان

ارتباط با ما👇
@havaaye
رزرو آگهی و تبلیغات👇
@khz_34",🔥#هم_اکنون | شهرهای اهواز، شوشتر، خرمشهر و هندیجان در وضعیت قرمز الودگی هوا قرار گرفتند. #اطلاع_رسانی_کنید ✅ اخبار  تعطیلی مدارس و‌ادارات و دانشگاه های خوزستان را دنبال کنید👇 https://t.me/khozkhabar https://t.me/khozkhabar,"1. موضوع: محیط زیست
2. اولویت: High
3. اقدام: اطلاع‌رسانی درباره وضعیت قرمز الودگی هوا و احتمال تعطیلی مدارس و ادارات ضروری است.
4. محله: نامشخص
"
[Photo] ♦️امشب طلوع اَبَرماه (گرگ)؛ درخشان‌ترین ماه کامل سال 🔹امشب شاهد طلوع اَبَرماه (گرگ)؛  [...],"شبکه خبری خوزستان

ارتباط با ما👇
@havaaye
رزرو آگهی و تبلیغات👇
@khz_34",♦️امشب طلوع اَبَرماه (گرگ)؛ درخشان‌ترین ماه کامل سال 🔹امشب شاهد طلوع اَبَرماه (گرگ)؛ درخشان‌ترین ماه کامل سال و آغاز سالی پربار برای رویداد‌های نجومی خواهیم بود. #اطلاع_رسانی_کنید ✅ اخبار  تعطیلی مدارس و‌ادارات و دانشگاه های خوزستان را دنبال کنید👇 https://t.me/khozkhabar https://t.me/khozkhabar,"
1. موضوع: متفرقه
2. اولویت: Low
3. اقدام: اطلاع‌رسانی درباره رویدادهای نجومی مانند ابرماه به شهروندان.
4. محله: نامشخص"
[Photo] ♦️نرخ معاملات طلا و سکه و ارز در بازار امروز#اطلاع_رسانی_کنید ✅ اخبار  تعطیلی مدارس و [...],"شبکه خبری خوزستان

ارتباط با ما👇
@havaaye
رزرو آگهی و تبلیغات👇
@khz_34",♦️نرخ معاملات طلا و سکه و ارز در بازار امروز #اطلاع_رسانی_کنید ✅ اخبار  تعطیلی مدارس و‌ادارات و دانشگاه های خوزستان را دنبال کنید👇 https://t.me/khozkhabar https://t.me/khozkhabar,"
1. موضوع: متفرقه
2. اولویت: Low
3. اقدام: اطلاع‌رسانی درباره نرخ طلا، سکه و ارز و همچنین اخبار تعطیلی مدارس و ادارات خوزستان.
4. محله: نامشخص"
🔺🔻نامگذاری بیش از ۲ میلیون و ۵۰۰ هزار نفر در کشور با نام علیمرکز رصد جمعیت سازمان ثبت احوال  [...],"شبکه خبری خوزستان

ارتباط با ما👇
@havaaye
رزرو آگهی و تبلیغات👇
@khz_34",🔺🔻نامگذاری بیش از ۲ میلیون و ۵۰۰ هزار نفر در کشور با نام علی مرکز رصد جمعیت سازمان ثبت احوال کشور: 🔹بیش از ۲ میلیون و ۵۰۰ هزار نفر در کشور با نام مولای متقیان امام علی(ع) نام گذاری شده اند. #اطلاع_رسانی_کنید ✅ اخبار  تعطیلی مدارس و‌ادارات و دانشگاه های خوزستان را دنبال کنید👇 https://t.me/khozkhabar https://t.me/khozkhabar,"
1. موضوع: متفرقه
2. اولویت: Low
3. اقدام: سازمان ثبت احوال کشور اعلام کرد بیش از ۲.۵ میلیون نفر در ایران با نام علی نامگذاری شده‌اند.
4. محله: نامشخص"
♦️خوزستان قهرمان کشتی فرنگی جوانان کشور شد🔹 رقابت‌های کشتی فرنگی جوانان قهرمانی کشور، یادواره [...],"شبکه خبری خوزستان

ارتباط با ما👇
@havaaye
رزرو آگهی و تبلیغات👇
@khz_34",♦️خوزستان قهرمان کشتی فرنگی جوانان کشور شد 🔹 رقابت‌های کشتی فرنگی جوانان قهرمانی کشور، یادواره شهید والامقام مصطفی صدرزاده، دو روز  به میزبانی استان خوزستان و در سالن فنون نفت اهواز برگزار شد. 🔹در پایان این رقابت‌ها تیم خوزستان با کسب ۱۵۲ امتیاز عنوان قهرمانی را از آنِ خود کرد و تیم‌های فارس با ۱۲۶ امتیاز و تهران با ۱۱۶ امتیاز به ترتیب در جایگاه‌های دوم و سوم قرار گرفتند. #اطلاع_رسانی_کنید ✅ اخبار  تعطیلی مدارس و‌ادارات و دانشگاه های خوزستان را دنبال کنید👇 https://t.me/khozkhabar https://t.me/khozkhabar,"1. موضوع: شهری
2. اولویت: Low
3. اقدام: اطلاع‌رسانی درباره اخبار مرتبط با تعطیلی مدارس و ادارات خوزستان.
4. محله: اهواز (سالن فنون نفت اهواز)
"
#اطلاعیه_فوری 🔥کلاس‌های دانشکده علوم پزشکی شوشتر تعطیل شدنددانشکده علوم پزشکی شوشتر در اطلاعی [...],"شبکه خبری خوزستان

ارتباط با ما👇
@havaaye
رزرو آگهی و تبلیغات👇
@khz_34",#اطلاعیه_فوری 🔥کلاس‌های دانشکده علوم پزشکی شوشتر تعطیل شدند دانشکده علوم پزشکی شوشتر در اطلاعیه‌ای اعلام کرد: 🔹پیرو اطلاعیه معاونت آموزشی وزارت بهداشت و در پی ناترازی انرژی، کلیه فعالیت‌های آموزشی دانشجویان دانشکده علوم پزشکی شوشتر از تاریخ ۱۴۰۴/۱۰/۱۴ لغایت ۱۴۰۴/۱۰/۱۷به صورت مجازی برگزار خواهد شد. 🔹کارآموزان و کارورزان از این تصمیم مستثنی بوده و برنامه‌های آموزشی و حضور آنان در مراکز درمانی مطابق روال جاری و طبق برنامه‌های اعلام‌شده ادامه خواهد داشت. 🔹همچنین بر اساس این اطلاعیه، حضور اعضای هیئت علمی در گروه‌های آموزشی در این بازه زمانی به صورت دورکاری می‌باشد. #اطلاع_رسانی_کنید ✅ اخبار  تعطیلی مدارس و‌ادارات و دانشگاه های خوزستان را دنبال کنید👇 https://t.me/khozkhabar https://t.me/khozkhabar,"
1. موضوع: شهری
2. اولویت: Medium
3. اقدام: کلاس‌های دانشکده علوم پزشکی شوشتر به دلیل ناترازی انرژی به صورت مجازی برگزار می‌شود.
4. محله: نامشخص"
🔥هوای ۱۰ شهر خوزستان در وضعیت ناسالم🔹خرمشهر ۱۵۶ AQI/قرمز🔹بندرماهشهر ۱۵۳ AQI/قرمز🔹دشت‌آزادگ [...],"شبکه خبری خوزستان

ارتباط با ما👇
@havaaye
رزرو آگهی و تبلیغات👇
@khz_34",🔥هوای ۱۰ شهر خوزستان در وضعیت ناسالم 🔹خرمشهر ۱۵۶ AQI/قرمز 🔹بندرماهشهر ۱۵۳ AQI/قرمز 🔹دشت‌آزادگان ۱۳۵ AQI/نارنجی 🔹شوشتر ۱۲۵ AQI/نارنجی 🔹شوش ۱۲۴ AQI/نارنجی 🔹شادگان ۱۲۰ AQI/نارنجی 🔹امیدیه ۱۱۶ AQI/نارنجی 🔹اهواز ۱۰۹ AQI/نارنجی 🔹گتوند ۱۰۴ AQI/نارنجی 🔹هویزه ۱۰۴ AQI/نارنجی #اطلاع_رسانی_کنید ✅ اخبار  تعطیلی مدارس و‌ادارات و دانشگاه های خوزستان را دنبال کنید👇 https://t.me/khozkhabar https://t.me/khozkhabar,"1. موضوع: محیط زیست
2. اولویت: High
3. اقدام: اطلاع‌رسانی به شهروندان در خصوص وضعیت ناسالم هوا و احتمال تعطیلی مدارس و ادارات.
4. محله: نامشخص
"
[Photo] 🔺هشدار کاهش دما از فردا تا چهارشنبه در خوزستان#اطلاع_رسانی_کنید ✅ اخبار  تعطیلی مدار [...],"شبکه خبری خوزستان

ارتباط با ما👇
@havaaye
رزرو آگهی و تبلیغات👇
@khz_34",🔺هشدار کاهش دما از فردا تا چهارشنبه در خوزستان #اطلاع_رسانی_کنید ✅ اخبار  تعطیلی مدارس و‌ادارات و دانشگاه های خوزستان را دنبال کنید👇 https://t.me/khozkhabar https://t.me/khozkhabar,"
1. موضوع: امدادی
2. اولویت: High
3. اقدام: به شهروندان خوزستان در مورد کاهش دما از فردا تا چهارشنبه هشدار داده شد.
4. محله: نامشخص"
#فوری🔥آلودگی هوای هویزه در وضعیت #خطرناک#اطلاع_رسانی_کنید ✅ اخبار  تعطیلی مدارس و‌ادارات و د [...],"شبکه خبری خوزستان

ارتباط با ما👇
@havaaye
رزرو آگهی و تبلیغات👇
@khz_34",#فوری 🔥آلودگی هوای هویزه در وضعیت #خطرناک #اطلاع_رسانی_کنید ✅ اخبار  تعطیلی مدارس و‌ادارات و دانشگاه های خوزستان را دنبال کنید👇 https://t.me/khozkhabar https://t.me/khozkhabar,"
1. موضوع: محیط زیست
2. اولویت: High
3. اقدام: اطلاع‌رسانی درباره وضعیت آلودگی هوای هویزه و احتمال تعطیلی مدارس و ادارات ضروری است.
4. محله: نامشخص (هویزه یک شهر است، نه محله اهواز)"
#فوری 🔥آلودگی هوای اهواز در وضعیت #قرمز قرار گرفت#اطلاع_رسانی_کنید ✅ اخبار  تعطیلی مدارس و‌ا [...],"شبکه خبری خوزستان

ارتباط با ما👇
@havaaye
رزرو آگهی و تبلیغات👇
@khz_34",#فوری 🔥آلودگی هوای اهواز در وضعیت #قرمز قرار گرفت #اطلاع_رسانی_کنید ✅ اخبار  تعطیلی مدارس و‌ادارات و دانشگاه های خوزستان را دنبال کنید👇 https://t.me/khozkhabar https://t.me/khozkhabar,"
1. موضوع: محیط زیست
2. اولویت: High
3. اقدام: اطلاع‌رسانی درباره وضعیت قرمز آلودگی هوا و احتمال تعطیلی مدارس و ادارات.
4. محله: نامشخص"
#فوری 🔥احتمال تعطیلی چند شهر خوزستان در روز یکشنبه قوت گرفت👇👇https://eitaa.com/khozkhabarht [...],"شبکه خبری خوزستان

ارتباط با ما👇
@havaaye
رزرو آگهی و تبلیغات👇
@khz_34",#فوری 🔥احتمال تعطیلی چند شهر خوزستان در روز یکشنبه قوت گرفت👇👇 https://eitaa.com/khozkhabar https://eitaa.com/khozkhabar,"
1. موضوع: شهری
2. اولویت: High
3. اقدام: بررسی احتمال تعطیلی شهرها و اطلاع‌رسانی به شهروندان ضروری است.
4. محله: نامشخص
"
#فوری🔥احتمال تعطیلی ۸ شهر خوزستان در روز یکشنبه🔷️ ٨ شهر خوزستان در وضعیت خطرناک و ناسالم وبس [...],"شبکه خبری خوزستان

ارتباط با ما👇
@havaaye
رزرو آگهی و تبلیغات👇
@khz_34",#فوری 🔥احتمال تعطیلی ۸ شهر خوزستان در روز یکشنبه 🔷️ ٨ شهر خوزستان در وضعیت خطرناک و ناسالم وبسیار ناسالم قرار دارد 🟤 هویزه ٣٨٨ 🟣 اهواز ٢٧۴ 🔴 هنديجان ١۵۴ 🔴 ماهشهر ١۵١ 🔴 شادگان ١۵١ 🔴 خرمشهر ١۵٢ 🟠 آبادان ١۴١ 🟠 امیدیه ١٢٢ #اطلاع_رسانی_کنید ✅ اخبار  تعطیلی مدارس و‌ادارات و دانشگاه های خوزستان را دنبال کنید👇 https://t.me/khozkhabar https://t.me/khozkhabar,"
1. موضوع: محیط زیست
2. اولویت: High
3. اقدام: بررسی وضعیت آلودگی هوا و اعلام تعطیلی احتمالی مدارس و ادارات در ۸ شهر خوزستان.
4. محله: اهواز"
🚨 #فوری🔥 واریز ماهانه ۱ میلیون تومان کالابرگ به ازای هر نفر🔹 حذف ارز ترجیحی از واردات و پرد [...],"شبکه خبری خوزستان

ارتباط با ما👇
@havaaye
رزرو آگهی و تبلیغات👇
@khz_34",🚨 #فوری 🔥 واریز ماهانه ۱ میلیون تومان کالابرگ به ازای هر نفر 🔹 حذف ارز ترجیحی از واردات و پرداخت مستقیم یارانه به خانوارها با هدف ثبات قیمت کالاهای اساسی و حفظ قدرت خرید مردم 🔹 پرداخت یارانه به‌صورت اعتبار کالابرگ 🔹 اعتبار ماهانه: ۱ میلیون تومان به ازای هر نفر 🔹 مرحله اول: واریز ۴ میلیون تومان برای هر نفر به کارت سرپرست خانوار 🔹 امکان خرید تا ۲۰ روز؛ اعتبار مصرف‌نشده به ماه بعد منتقل می‌شود 🔹 خرید از بیش از ۲۶۸ هزار فروشگاه در سراسر کشور 🔹 قیمت‌ها طبق مصوبات ستاد تنظیم بازار تعیین می‌شود 🔹علاوه بر مشمولان قبلی، ۲۰ میلیون نفر به این طرح اضافه می‌شوند 🔹یارانه های نقدی و طرح یسنا و سوءتغذیه به قوت خود باقیست 📍 هدف نهایی: حذف رانت، کاهش نوسان قیمت و رساندن یارانه به مصرف‌کننده واقعی/صداوسیما ‌‌‌‌#اطلاع_رسانی_کنید ✅ اخبار  تعطیلی مدارس و‌ادارات و دانشگاه های خوزستان را دنبال کنید👇 https://t.me/khozkhabar https://t.me/khozkhabar,"1. موضوع: شهری
2. اولویت: Medium
3. اقدام: اطلاع‌رسانی درباره واریز کالابرگ و نحوه استفاده از آن به شهروندان.
4. محله: نامشخص
"
[Photo] #فوری🔥شاخص آلودگی هوای اهواز در مرز #خطرناک و در وضعیت #بنفش قرار گرفت#اطلاع_رسانی_کن [...],"شبکه خبری خوزستان

ارتباط با ما👇
@havaaye
رزرو آگهی و تبلیغات👇
@khz_34",#فوری 🔥شاخص آلودگی هوای اهواز در مرز #خطرناک و در وضعیت #بنفش قرار گرفت #اطلاع_رسانی_کنید ✅ اخبار  تعطیلی مدارس و‌ادارات و دانشگاه های خوزستان را دنبال کنید👇 https://t.me/khozkhabar https://t.me/khozkhabar,"
1. موضوع: محیط زیست
2. اولویت: High
3. اقدام: اطلاع‌رسانی درباره وضعیت آلودگی هوا و احتمال تعطیلی مدارس و ادارات.
4. محله: نامشخص"
#فوری 🔥آلودگی هوای ماهشهر در وضعیت #بنفش و خطرناک قرار گرفت#اطلاع_رسانی_کنید ✅ اخبار  تعطیلی [...],"شبکه خبری خوزستان

ارتباط با ما👇
@havaaye
رزرو آگهی و تبلیغات👇
@khz_34",#فوری 🔥آلودگی هوای ماهشهر در وضعیت #بنفش و خطرناک قرار گرفت #اطلاع_رسانی_کنید ✅ اخبار  تعطیلی مدارس و‌ادارات و دانشگاه های خوزستان را دنبال کنید👇 https://t.me/khozkhabar https://t.me/khozkhabar,"1. موضوع: محیط زیست
2. اولویت: High
3. اقدام: اطلاع‌رسانی در خصوص وضعیت خطرناک آلودگی هوا و احتمال تعطیلی مدارس و ادارات.
4. محله: نامشخص
"
👑 ملّی گلد داره به همه از ۱۰ سوت تا ۱ گرم طلای رایگان میده به مناسب روز پدرفقط کافیه ثبت‌نام  [...],"شبکه خبری خوزستان

ارتباط با ما👇
@havaaye
رزرو آگهی و تبلیغات👇
@khz_34",👑 ملّی گلد داره به همه از ۱۰ سوت تا ۱ گرم طلای رایگان میده به مناسب روز پدر فقط کافیه ثبت‌نام کنید 🔸نکته : هم میتونید نقد برداشت کنید هم بذارید بمونه طلا رشد کرد سود کنید😍 برای دریافت سهم طلای خودتون، از لینک زیر ثبت‌نام کنید 👇👇 https://melligold.com/pwa/account/?ref=MGzg5gYdD7H3 ⭕️مهلت ثبت نام تا ۱۳ دیماه می باشد⏏️ دوستان همه ثبت نام کنید و هدیه بگیرید👆 معتبر هست، حتما استفاده کنید تا دیر نشده,"1. موضوع: متفرقه
2. اولویت: Low
3. اقدام: اطلاع‌رسانی درباره یک کمپین تبلیغاتی و اهدای جایزه.
4. محله: نامشخص
"
#فوری🔷قابل توجه دانشجویان🔥 دانشگاه های علوم پزشکی اهواز و علوم پزشکی شوشتر در روز یکشنبه تعط [...],"شبکه خبری خوزستان

ارتباط با ما👇
@havaaye
رزرو آگهی و تبلیغات👇
@khz_34",#فوری 🔷قابل توجه دانشجویان 🔥 دانشگاه های علوم پزشکی اهواز و علوم پزشکی شوشتر در روز یکشنبه تعطیل و کلاس های درس بصورت غیر حضوری برگزار می گردد. #اطلاع_رسانی_کنید ✅ اخبار  تعطیلی مدارس و‌ادارات و دانشگاه های خوزستان را دنبال کنید👇 https://t.me/khozkhabar https://t.me/khozkhabar,"1. موضوع: شهری
2. اولویت: Medium
3. اقدام: دانشگاه‌های علوم پزشکی اهواز و شوشتر روز یکشنبه تعطیل و کلاس‌ها غیرحضوری خواهند بود.
4. محله: نامشخص
"
[Photo] 🔥 #هم_اکنون | شاخص آلودگی هوا ایستگاه‌های اهواز#اطلاع_رسانی_کنید ✅ اخبار  تعطیلی مدا [...],"شبکه خبری خوزستان

ارتباط با ما👇
@havaaye
رزرو آگهی و تبلیغات👇
@khz_34",🔥 #هم_اکنون | شاخص آلودگی هوا ایستگاه‌های اهواز #اطلاع_رسانی_کنید ✅ اخبار  تعطیلی مدارس و‌ادارات و دانشگاه های خوزستان را دنبال کنید👇 https://t.me/khozkhabar https://t.me/khozkhabar,"1. موضوع: محیط زیست
2. اولویت: High
3. اقدام: اطلاع‌رسانی در خصوص شاخص آلودگی هوا و احتمال تعطیلی مدارس و ادارات خوزستان.
4. محله: نامشخص
"
🔥عجیب و باورنکردنی!,"شبکه خبری خوزستان

ارتباط با ما👇
@havaaye
رزرو آگهی و تبلیغات👇
@khz_34",🔥عجیب و باورنکردنی! 🔹شاخص آلودگی ظرف ۳۰ دقیقه ای از وضعیت بنفش  به وضعیت نارنجی رسید!! یعنی کار کدوم باده...🫠 #اطلاع_رسانی_کنید ✅ اخبار  تعطیلی مدارس و‌ادارات و دانشگاه های خوزستان را دنبال کنید👇 https://t.me/khozkhabar https://t.me/khozkhabar,"1. موضوع: محیط زیست
2. اولویت: High
3. اقدام: اطلاع‌رسانی در خصوص احتمال تعطیلی مدارس و ادارات خوزستان به دلیل آلودگی هوا.
4. محله: نامشخص
"
🚨#فوری_مهم🔥مدارس سراسر استان فردا دایر میباشد🔹پیرو سوالات مکرر مخاطبین عزیز؛ به اطلاع می رس [...],"شبکه خبری خوزستان

ارتباط با ما👇
@havaaye
رزرو آگهی و تبلیغات👇
@khz_34",🚨#فوری_مهم 🔥مدارس سراسر استان فردا دایر میباشد 🔹پیرو سوالات مکرر مخاطبین عزیز؛ به اطلاع می رساند تا کنون هیچگونه اطلاعیه‌ای مبنی بر تعطیلی مدارس خوزستان در روز یکشنبه ۱۴ دیماه منتشر نشده است فلذا فعالیت کلیه مدارس استان طبق روال عادی دایر و برقرار میباشد. #اطلاع_رسانی_کنید اخبار تعطیلی مدارس و ادارات و دانشگاه های خوزستان را دنبال کنید👇 https://t.me/khozkhabar https://t.me/khozkhabar,"
1. موضوع: شهری
2. اولویت: Medium
3. اقدام: اطلاعیه دایر بودن مدارس در سراسر استان خوزستان در روز یکشنبه ۱۴ دیماه صادر شد.
4. محله: نامشخص"
#فوری_مهم 🔷قابل توجه دانشجویان🔥تاکنون اطلاعیه رسمی از سوی وزارت علوم مبنی بر تاخیر در برگزار [...],"شبکه خبری خوزستان

ارتباط با ما👇
@havaaye
رزرو آگهی و تبلیغات👇
@khz_34",#فوری_مهم 🔷قابل توجه دانشجویان 🔥تاکنون اطلاعیه رسمی از سوی وزارت علوم مبنی بر تاخیر در برگزاری امتحانات اعلام نشده است و خبرهای منتشر شده کذب می باشد. لذا امتحانات در تاریخ های از قبل اعلام شده برگزار می گردد. #اطلاع_رسانی_کنید ✅ اخبار  تعطیلی مدارس و‌ادارات و دانشگاه های خوزستان را دنبال کنید👇 https://t.me/khozkhabar https://t.me/khozkhabar,"
1. موضوع: شهری
2. اولویت: Medium
3. اقدام: اطلاعیه تکذیب تاخیر در برگزاری امتحانات دانشگاه‌ها صادر شد.
4. محله: نامشخص"
[Photo] 🌱هر روز خود را با بِسْمِ اللَّـهِ الرَّحْمَـٰنِ الرَّحِيمِ شروع کنید🗓 امروز یکشنبه🔹۱ [...],"شبکه خبری خوزستان

ارتباط با ما👇
@havaaye
رزرو آگهی و تبلیغات👇
@khz_34",🌱هر روز خود را با بِسْمِ اللَّـهِ الرَّحْمَـٰنِ الرَّحِيمِ شروع کنید 🗓 امروز یکشنبه 🔹۱۴ دی ۱۴۰۴  خورشیدی 🔹۱۴ رجب ۱۴۴۷   قمری 🔹4 ژانویه 2026  میلادی رویدادها: مناسبتی برای امروز ثبت نشده ذکر روز(۱۰۰ مرتبه): 📿یا ذَالجَلالِ وَ اْلاِکْرام - ای صاحب شکوه و بزرگواری اوقات شرعی به افق اهواز: 🔸اذان صبح:            05:50 🔸اذان ظهر:             12:20 🔸اذان مغرب:          17:45 🔸نیمه‌شب شرعی:   23:38 #تقویم_روز #اطلاع_رسانی_کنید ✅ اخبار  تعطیلی مدارس و‌ادارات و دانشگاه های خوزستان را دنبال کنید👇 https://t.me/khozkhabar https://t.me/khozkhabar,"1. موضوع: متفرقه
2. اولویت: Low
3. اقدام: اطلاع‌رسانی اوقات شرعی و رویدادهای روز به شهروندان اهوازی.
4. محله: نامشخص
"
[Photo] بعد غذا دوغ بخوریم یانه؟🔹️مصرف دوغ پس از غذا نه تنها جلوی جذب آهن را نمی‌گیرد بلکه تا [...],"شبکه خبری خوزستان

ارتباط با ما👇
@havaaye
رزرو آگهی و تبلیغات👇
@khz_34",بعد غذا دوغ بخوریم یانه؟ 🔹️مصرف دوغ پس از غذا نه تنها جلوی جذب آهن را نمی‌گیرد بلکه تا حدی میزان جذب آن را بالا می‌برد! اما اگر درغذایتان گوشت وجود دارد در مصرف دوغ زیاده روی نکنید. #سالم_بمانیم #اطلاع_رسانی_کنید ✅ اخبار  تعطیلی مدارس و‌ادارات و دانشگاه های خوزستان را دنبال کنید👇 https://t.me/khozkhabar https://t.me/khozkhabar,"
1. موضوع: سلامت
2. اولویت: Low
3. اقدام: مصرف متعادل دوغ همراه با غذا توصیه می‌شود، به خصوص اگر غذا حاوی گوشت نباشد.
4. محله: نامشخص"
[Photo] جو پایدار در اکثر مناطق کشور🔹امروز در برخی نقاط خراسان جنوبی، شمال خراسان شمالی و ارت [...],"شبکه خبری خوزستان

ارتباط با ما👇
@havaaye
رزرو آگهی و تبلیغات👇
@khz_34",جو پایدار در اکثر مناطق کشور 🔹امروز در برخی نقاط خراسان جنوبی، شمال خراسان شمالی و ارتفاعات کرمان بارش پراکنده رخ می دهد و در سایر مناطق کشور تا چهارشنبه جوی پایدار و در مناطق صنعتی و پرتردد شهری افزایش نسبی غلظت آلاینده های جوی و کاهش کیفیت هوا پیش بینی می شود. 🔹از امروز تا سه شنبه در نوار شمالی کشور افزایش محسوس دما رخ خواهد داد. 🔹از امروز تا دوشنبه در نوار مرزی غرب و بخش هایی از جنوب غرب و جنوب و همچنین امروز تا سه شنبه در شرق و جنوب شرق کشور، وزش باد شدید و در مناطق مستعد خیزش گرد و خاک پیش بینی می شود. #هواشناسی #اطلاع_رسانی_کنید ✅ اخبار  تعطیلی مدارس و‌ادارات و دانشگاه های خوزستان را دنبال کنید👇 https://t.me/khozkhabar https://t.me/khozkhabar,"
1. موضوع: محیط زیست
2. اولویت: Medium
3. اقدام: به شهروندان توصیه می‌شود در مناطق صنعتی و پرتردد از ماسک استفاده کنند.
4. محله: نامشخص"
[Video] اعتراضات گسترده در شهرهای آمریکا به وحشی‌گری ترامپ در ونزوئلا🔹بیش از ۶۵ شهر آمریکا در [...],"شبکه خبری خوزستان

ارتباط با ما👇
@havaaye
رزرو آگهی و تبلیغات👇
@khz_34",اعتراضات گسترده در شهرهای آمریکا به وحشی‌گری ترامپ در ونزوئلا 🔹بیش از ۶۵ شهر آمریکا در اعتراض به تهاجم نظامی به ونزوئلا و ربایش رئیس‌جمهور این کشور به خیابان‌ها آمدند و به اینکه پول مالیات‌دهندگان صرف جنگ‌افروزی می‌شود، اعتراض کردند. 🔹در واشنگتن تظاهرکنندگان مقابل کاخ سفید گرد آمدند و شعار دادند: «نه یک پنی، نه یک دلار؛ ما برای جنگ و کشتار پرداخت نمی‌کنیم». #اطلاع_رسانی_کنید ✅ اخبار  تعطیلی مدارس و‌ادارات و دانشگاه های خوزستان را دنبال کنید👇 https://t.me/khozkhabar https://t.me/khozkhabar,"1. موضوع: متفرقه
2. اولویت: Low
3. اقدام: اطلاع‌رسانی درباره اخبار تعطیلی مدارس و ادارات خوزستان.
4. محله: نامشخص
"
[Photo] ♦️وضعیت شکننده منابع آب کشور با وجود بارش‌هامدیرکل دفتر اطلاعات و داده‌های آب کشور:🔹ب [...],"شبکه خبری خوزستان

ارتباط با ما👇
@havaaye
رزرو آگهی و تبلیغات👇
@khz_34",♦️وضعیت شکننده منابع آب کشور با وجود بارش‌ها مدیرکل دفتر اطلاعات و داده‌های آب کشور: 🔹بارش‌های اخیر آثار موقتی داشته و قادر به جبران کسری انباشته ناشی از چند سال خشکسالی متوالی در کشور نیست. 🔹به‌ دلیل تداوم خشکسالی‌های چندساله، منابع آب کشور همچنان در وضعیتی شکننده قرار دارند. 🔹میزان بارش در سال آبی جاری نسبت به متوسط بلندمدت ۱۱ درصد و نسبت به سال گذشته ۷۶ درصد افزایش داشته است. 🔹استان‌های تهران و البرز با کاهش بیش از ۷۰ درصدی نسبت به بلندمدت، بیشترین افت بارش را به خود اختصاص داده‌اند. #اطلاع_رسانی_کنید ✅ اخبار  تعطیلی مدارس و‌ادارات و دانشگاه های خوزستان را دنبال کنید👇 https://t.me/khozkhabar https://t.me/khozkhabar,"
1. موضوع: محیط زیست
2. اولویت: High
3. اقدام: با توجه به وضعیت شکننده منابع آب، مدیریت مصرف و برنامه‌ریزی برای مقابله با خشکسالی ضروری است.
4. محله: نامشخص"
[Video] 🎥 به آتش کشیدن پرچم آمریکا در پاریس🔹در جریان تظاهراتی که شب گذشته در اعتراض به مداخل [...],"شبکه خبری خوزستان

ارتباط با ما👇
@havaaye
رزرو آگهی و تبلیغات👇
@khz_34",🎥 به آتش کشیدن پرچم آمریکا در پاریس 🔹در جریان تظاهراتی که شب گذشته در اعتراض به مداخله نظامی آمریکا در ونزوئلا برگزار شد، معترضان پرچم آمریکا را در میدان جمهوری پاریس به آتش کشیدند. #اطلاع_رسانی_کنید ✅ اخبار  تعطیلی مدارس و‌ادارات و دانشگاه های خوزستان را دنبال کنید👇 https://t.me/khozkhabar https://t.me/khozkhabar,"
1. موضوع: متفرقه
2. اولویت: Low
3. اقدام: رصد اخبار مربوط به خوزستان و اطلاع‌رسانی در صورت تعطیلی مدارس و ادارات.
4. محله: نامشخص"
♦️واریز اعتبار ۴ میلیونی کالابرگ برای هر نفرشورای اطلاع‌رسانی دولت: 🔹طبق برنامه زمان‌بندی که  [...],"شبکه خبری خوزستان

ارتباط با ما👇
@havaaye
رزرو آگهی و تبلیغات👇
@khz_34",♦️واریز اعتبار ۴ میلیونی کالابرگ برای هر نفر شورای اطلاع‌رسانی دولت: 🔹طبق برنامه زمان‌بندی که از طریق پیامک به سرپرست خانوار اعلام می‌شود از ۲۰ دی‌ خانوارها می‌توانند با مراجعه به فروشگاه‌ها با اعتبار کالابرگ خود خرید کنند. اعتبار کالا برگ چقدر است؟ 🔹ماهانه یک میلیون تومان به ازای هر نفر. 🔹در مرحلۀ اول ۴ میلیون تومان به‌ازای هر نفر به کارت سرپرست خانوار واریز می‌شود یعنی ۴ ماه یک‌جا اما ادامۀ پرداخت‌ها ماهانه خواهد بود. چه کالاهایی می‌شود خرید؟ 🔹شیر، پنیر، ماست، گوشت قرمز، گوشت مرغ، تخم‌مرغ، برنج، روغن مایع، ماکارونی، قند، شکر و حبوبات 🔹قیمت‌ها طبق مصوبات ستاد تنظیم بازار تعیین می‌شود. چه کسانی کالابرگ می‌گیرند؟ 🔹در مجموع حدود ۸۰ میلیون نفر تحت پوشش طرح قرار می‌گیرند. چطور اعتبار کالابرگ را استعلام بگیریم؟ 🔹اپلیکیشن «شما»، پیام‌رسان «بله» و کد دستوری: #۱۴۶۳*۵۰۰*. #اطلاع_رسانی_کنید ✅ اخبار  تعطیلی مدارس و‌ادارات و دانشگاه های خوزستان را دنبال کنید👇 https://t.me/khozkhabar https://t.me/khozkhabar,"
1. موضوع: شهری
2. اولویت: Medium
3. اقدام: اطلاع‌رسانی درباره واریز اعتبار کالابرگ به سرپرستان خانوار و نحوه‌ی استفاده از آن.
4. محله: نامشخص"
[Video] 🎥 بعد از ۱۰ سال مردم شمرده می‌شوند🔹دبیر ستاد سرشماری: حدود ۸۰ میلیون نفر جمعیت در سر [...],"شبکه خبری خوزستان

ارتباط با ما👇
@havaaye
رزرو آگهی و تبلیغات👇
@khz_34",🎥 بعد از ۱۰ سال مردم شمرده می‌شوند 🔹دبیر ستاد سرشماری: حدود ۸۰ میلیون نفر جمعیت در سرشماری سال ۹۵ شمارش شد و بعد از ۹ سال جمعیت کشور به ۸۶ میلیون نفر رسیده. 🔹رشد جمعیت کاهش بوده، اگر پیشگیری نشود ممکن است به صفر هم برسد. #اطلاع_رسانی_کنید ✅ اخبار  تعطیلی مدارس و‌ادارات و دانشگاه های خوزستان را دنبال کنید👇 https://t.me/khozkhabar https://t.me/khozkhabar,"1. موضوع: شهری
2. اولویت: Medium
3. اقدام: اطلاع‌رسانی درباره سرشماری و آمار جمعیت به شهروندان ضروری است.
4. محله: نامشخص
"
[Video] 📹فیلم/فوت ۳ نفر بر اثر گازگرفتی درون چادر در سد کارون ۴#اطلاع_رسانی_کنید ✅ اخبار  تع [...],"شبکه خبری خوزستان

ارتباط با ما👇
@havaaye
رزرو آگهی و تبلیغات👇
@khz_34",📹فیلم/فوت ۳ نفر بر اثر گازگرفتی درون چادر در سد کارون ۴ #اطلاع_رسانی_کنید ✅ اخبار  تعطیلی مدارس و‌ادارات و دانشگاه های خوزستان را دنبال کنید👇 https://t.me/khozkhabar https://t.me/khozkhabar,"
1. موضوع: امدادی
2. اولویت: High
3. اقدام: بررسی علت گازگرفتی و جلوگیری از تکرار حوادث مشابه ضروری است.
4. محله: نامشخص"
♦️استفاده از سیستم‌های برخط و تکریم ارباب رجوع🔹️رئیس کل دادگستری خوزستان در بازدید از مجتمع ق [...],"شبکه خبری خوزستان

ارتباط با ما👇
@havaaye
رزرو آگهی و تبلیغات👇
@khz_34",♦️استفاده از سیستم‌های برخط و تکریم ارباب رجوع 🔹️رئیس کل دادگستری خوزستان در بازدید از مجتمع قضایی قدس اهواز به استفاده از سیستم‌های برخط و تکریم ارباب رجوع تأکید کرد. 🔹️علی دهقانی، رئیس کل دادگستری خوزستان و امیر خلفیان، دادستان مرکز استان، و ناصر غلامی رئیس محاکم اهواز در بازدید سرزده از مجتمع قضایی قدس، از نزدیک در جریان روند فعالیت‌های این مجتمع قرار گرفتند. 🔹️در این بازدید، دهقانی و خلفیان با حضور در تمامی شعب دادگاه و دادسرا، پرونده‌های موجود را با دقت مورد بررسی قرار داده و آموزش‌های حقوقی لازم را به قضات و کارکنان ارائه کردند. #اطلاع_رسانی_کنید ✅ اخبار  تعطیلی مدارس و‌ادارات و دانشگاه های خوزستان را دنبال کنید👇 https://t.me/khozkhabar https://t.me/khozkhabar,"1. موضوع: شهری
2. اولویت: Medium
3. اقدام: بررسی روند فعالیت‌های مجتمع قضایی و ارائه آموزش‌های حقوقی به کارکنان.
4. محله: نامشخص
"
[Video] 🎥تصادف، علت آتش‌سوزی ۲ خودرو در بندرامام خمینی(ره)🔹️رئیس واحد ایمنی و آتش‌نشانی شهرد [...],"شبکه خبری خوزستان

ارتباط با ما👇
@havaaye
رزرو آگهی و تبلیغات👇
@khz_34",🎥تصادف، علت آتش‌سوزی ۲ خودرو در بندرامام خمینی(ره) 🔹️رئیس واحد ایمنی و آتش‌نشانی شهرداری بندرامام خمینی ادعای آتش‌سوزی عامدانه دو خودرو در شهر بندر امام را رد و علت این حادثه را تصادف عنوان کرد. 🔹️در ساعت ۵۴ دقیقه بامداد شنبه، پس از اعلام حادثه تصادف دو خودروی پژو ۴۰۵ و تیبا در بندر امام خمینی، نیروهای این واحد آتش‌نشانی به محل اعزام شدند. 🔹️علت این حادثه، حرکت بر جهت خلاف خودروی ۴۰۵ و تصادف با تیبا و آتش‌سوزی بود که بلافاصله نیروهای اعزام شده اقدام به مهار و اطفای آتش کردند و خوشبختانه پیش از وقوع انفجار ،حریق مهار شد. 🔹خوشبختانه سرنشینان دو خودرو پیش از آتش‌سوزی خارج شده بودند و با رسیدن اورژانس برای درمان سرپایی به بیمارستان اعزام شدند. 🔸شاهدان عینی تایید کرده‌اند که یکی از خودروها حامل گازوئیل قاچاق بوده و دلیل آتش‌سوزی گسترده این دو خودرو نیز همین سوخت بوده است. #اطلاع_رسانی_کنید ✅ اخبار  تعطیلی مدارس و‌ادارات و دانشگاه های خوزستان را دنبال کنید👇 https://t.me/khozkhabar https://t.me/khozkhabar,"1. موضوع: امدادی
2. اولویت: High
3. اقدام: بررسی علت دقیق تصادف و جلوگیری از حمل سوخت قاچاق در شهر.
4. محله: بندرامام خمینی"
‌اعتبار ۴ میلیونی کالابرگ یک‌جا قابل برداشت است یا نه؟🔹طبق اعلام وزیر رفاه، دولت اعتبار ۴ ماه [...],"شبکه خبری خوزستان

ارتباط با ما👇
@havaaye
رزرو آگهی و تبلیغات👇
@khz_34",‌ اعتبار ۴ میلیونی کالابرگ یک‌جا قابل برداشت است یا نه؟ 🔹طبق اعلام وزیر رفاه، دولت اعتبار ۴ ماه کالابرگ را به‌صورت یک‌جا واریز کرده اما مردم می‌توانند هر ماه یک میلیون تومان از آن را برداشت کنند. #اطلاع_رسانی_کنید ✅ اخبار  تعطیلی مدارس و‌ادارات و دانشگاه های خوزستان را دنبال کنید👇 https://t.me/khozkhabar https://t.me/khozkhabar,"1. موضوع: متفرقه
2. اولویت: Low
3. اقدام: مردم می‌توانند هر ماه یک میلیون تومان از اعتبار کالابرگ خود را برداشت کنند.
4. محله: نامشخص
"
[Photo] 🔴 کالابرگ یک میلیونی به تمام دهک‌ها پرداخت می‌شود ؛ حتی دهک ۱۰ رئیس امور اطلاع رسانی  [...],"شبکه خبری خوزستان

ارتباط با ما👇
@havaaye
رزرو آگهی و تبلیغات👇
@khz_34",🔴 کالابرگ یک میلیونی به تمام دهک‌ها پرداخت می‌شود ؛ حتی دهک ۱۰ رئیس امور اطلاع رسانی دولت نوشت: 🔹️طبق تصمیم امروز دولت همه ۱۰ دهک دریافت خواهند کرد. #اطلاع_رسانی_کنید ✅ اخبار  تعطیلی مدارس و‌ادارات و دانشگاه های خوزستان را دنبال کنید👇 https://t.me/khozkhabar https://t.me/khozkhabar,"1. موضوع: متفرقه
2. اولویت: Medium
3. اقدام: کالابرگ یک میلیون تومانی به تمامی دهک‌های جامعه پرداخت خواهد شد.
4. محله: نامشخص
"
[Photo] ♦️بازار خودرو سردرگم است/ دلار عقب نشسته اما خودرو نه!,"شبکه خبری خوزستان

ارتباط با ما👇
@havaaye
رزرو آگهی و تبلیغات👇
@khz_34",♦️بازار خودرو سردرگم است/ دلار عقب نشسته اما خودرو نه! اسد کرمی، رئیس اتحادیه خودرو تهران: 🔹با کاهش قیمت دلار و ارز در بازار آزاد، قیمت خودرو عقب نشینی نکرده و معاملات در بازار بسیار رکودی است و بازار در حالت سردرگمی به سر می‌برد. 🔹وضعیت بازار نشان می‌دهد که نه فروشنده‌ای تمایل به فروش دارد و نه خریداری در بازار وجود دارد. #اطلاع_رسانی_کنید ✅ اخبار  تعطیلی مدارس و‌ادارات و دانشگاه های خوزستان را دنبال کنید👇 https://t.me/khozkhabar https://t.me/khozkhabar,"1. موضوع: شهری
2. اولویت: Medium
3. اقدام: بررسی وضعیت رکود بازار خودرو و دلایل عدم کاهش قیمت‌ها ضروری است.
4. محله: نامشخص
"
[Video] 🎥 آغاز دستگیری هدفمند لیدرهای اغتشاشات🔹سردار رادان: از ۲ شب گذشته دستگیری هدفمند لید [...],"شبکه خبری خوزستان

ارتباط با ما👇
@havaaye
رزرو آگهی و تبلیغات👇
@khz_34",🎥 آغاز دستگیری هدفمند لیدرهای اغتشاشات 🔹سردار رادان: از ۲ شب گذشته دستگیری هدفمند لیدرهایی که مردم را تحریک می‌کردند شروع شده. 🔹لیدرهای دستگیرشده در اعترافات خود گفتند که دلار دریافت کردند. #اطلاع_رسانی_کنید ✅ اخبار  تعطیلی مدارس و‌ادارات و دانشگاه های خوزستان را دنبال کنید👇 https://t.me/khozkhabar https://t.me/khozkhabar,"1. موضوع: شهری
2. اولویت: High
3. اقدام: دستگیری تحریک‌کنندگان اغتشاشات آغاز شده و اعترافات آن‌ها در حال بررسی است.
4. محله: نامشخص
"
[Photo] تولید یخچالی که می‌شنود و خرید می‌کند!,"شبکه خبری خوزستان

ارتباط با ما👇
@havaaye
رزرو آگهی و تبلیغات👇
@khz_34",تولید یخچالی که می‌شنود و خرید می‌کند! 🔹یخچال تازه شرکت جنرال‌الکتریک که در نمایشگاه CES 2026 نمایش داده خواهد شد مجهز به یک دستیار آشپزخانه است. این یخچال با استفاده از بارکدخوان داخلی می‌تواند اقلام را به لیست خرید اضافه کند. 🔹از این طریق، اضافه کردن سریع و دقیق اقلام به فهرست خرید قابل اشتراک‌گذاری در برنامهٔ SmartHQ GE ممکن می‌شود. کاربران می‌توانند هنگام خرید حضوری به فهرست‌شان مراجعه یا آن را با استفاده از سرویس خرید و تحویل آنلاین مواد غذایی اینستاکارت همگام‌سازی کنند و اقلام را تحویل بگیرند تا نیاز به مراجعهٔ حضوری برای خرید مواد غذایی به‌طور کامل حذف شود. 🔹قیمت این یخچالِ هوشمند و لوکس که از فروردین آینده به بازار جهانی عرضه می‌شود ۴۸۹۹ دلار اعلام شده است. #اطلاع_رسانی_کنید ✅ اخبار  تعطیلی مدارس و‌ادارات و دانشگاه های خوزستان را دنبال کنید👇 https://t.me/khozkhabar https://t.me/khozkhabar,"1. موضوع: متفرقه
2. اولویت: Low
3. اقدام: اطلاع‌رسانی درباره اخبار تعطیلی مدارس و ادارات خوزستان از طریق لینک‌های ارائه شده.
4. محله: نامشخص
"
[Photo] ♦️لغو پرواز تهران - اهواز به دلیل نقض فنی/ هیچ مسافری حبس نشده بود🔹در پی انتشاری خبری [...],"شبکه خبری خوزستان

ارتباط با ما👇
@havaaye
رزرو آگهی و تبلیغات👇
@khz_34",♦️لغو پرواز تهران - اهواز به دلیل نقض فنی/ هیچ مسافری حبس نشده بود 🔹در پی انتشاری خبری در خصوص لغو پرواز صبح تهران_‌اهواز ایران‌ایر و حبس چند ساعته مسافران در کابین هواپیما، روابط عمومی ایران ایر در اطلاعیه‌ای اعلام کرد که لغو پرواز به دلیل بروز نقص فنی در هواپیما بوده و مسافران پس از بروز نقص فنی از هواپیما پیاده و خدمات پذیرایی لازم به آنان ارائه شده است. #اطلاع_رسانی_کنید ✅ اخبار  تعطیلی مدارس و‌ادارات و دانشگاه های خوزستان را دنبال کنید👇 https://t.me/khozkhabar https://t.me/khozkhabar,"1. موضوع: شهری
2. اولویت: Medium
3. اقدام: اطلاع‌رسانی درباره لغو پرواز تهران به اهواز به دلیل نقص فنی انجام شد.
4. محله: نامشخص
"
[Photo] #فوری بعد از مدت‌ها خوزستان یک نفس راحت کشید😍#اطلاع_رسانی_کنید ✅ اخبار  تعطیلی مدارس [...],"شبکه خبری خوزستان

ارتباط با ما👇
@havaaye
رزرو آگهی و تبلیغات👇
@khz_34",#فوری بعد از مدت‌ها خوزستان یک نفس راحت کشید😍 #اطلاع_رسانی_کنید ✅ اخبار  تعطیلی مدارس و‌ادارات و دانشگاه های خوزستان را دنبال کنید👇 https://t.me/khozkhabar https://t.me/khozkhabar,"1. موضوع: شهری
2. اولویت: Medium
3. اقدام: اطلاع‌رسانی درباره تعطیلی مدارس، ادارات و دانشگاه‌های خوزستان در حال انجام است.
4. محله: نامشخص
"
♦️کشف راز قتل راننده قمی در دشت آزادگان🔹️ فرمانده انتظامی شهرستان دشت آزادگان از شناسایی و دس [...],"شبکه خبری خوزستان

ارتباط با ما👇
@havaaye
رزرو آگهی و تبلیغات👇
@khz_34",♦️کشف راز قتل راننده قمی در دشت آزادگان 🔹️ فرمانده انتظامی شهرستان دشت آزادگان از شناسایی و دستگیری عاملان قتل راننده خودروی نیسان در یک عملیات ضربتی خبر داد. 🔹️ مأموران پلیس آگاهی با انجام اقدامات فنی، اطلاعاتی و تخصصی، موفق شدند در کمتر از ۸ ساعت سرنخ‌هایی از متهمان و خودروی موردنظر در سطح شهرستان به دست آورند و پس از هماهنگی با مرجع قضایی، خودروی نیسان مفقودی را توقیف کنند. #اطلاع_رسانی_کنید ✅ اخبار  تعطیلی مدارس و‌ادارات و دانشگاه های خوزستان را دنبال کنید👇 https://t.me/khozkhabar https://t.me/khozkhabar,"1. موضوع: شهری
2. اولویت: High
3. اقدام: دستگیری عاملان قتل راننده خودرو در شهرستان دشت آزادگان انجام شد.
4. محله: دشت آزادگان
"
🔥غبار مه و کاهش دما مهمان خوزستاناداره‌کل هواشناسی خوزستان:🔹بررسی نقشه‌های پیش‌یابی هواشناسی [...],"شبکه خبری خوزستان

ارتباط با ما👇
@havaaye
رزرو آگهی و تبلیغات👇
@khz_34",🔥غبار مه و کاهش دما مهمان خوزستان اداره‌کل هواشناسی خوزستان: 🔹بررسی نقشه‌های پیش‌یابی هواشناسی نشان می‌دهد تا اواسط هفته، جوی پایدار بر سطح استان حاکم خواهد بود. 🔹 پدیده غالب در این ایام برای شهرهای صنعتی و بزرگ استان، غبار صبحگاهی و در اغلب مناطق به‌ویژه محورهای مواصلاتی، مه یا مه رقیق صبحگاهی و شامگاهی پیش‌بینی می‌شود. #اطلاع_رسانی_کنید ✅ اخبار  تعطیلی مدارس و‌ادارات و دانشگاه های خوزستان را دنبال کنید👇 https://t.me/khozkhabar https://t.me/khozkhabar,"
1. موضوع: محیط زیست
2. اولویت: Medium
3. اقدام: احتیاط در رانندگی به دلیل کاهش دید ناشی از مه و غبار توصیه می‌شود.
4. محله: نامشخص"
[Photo] 🔥 #هم_اکنون | تمامی ایستگاه‌های تشخیص آلودگی هوا اهواز در وضعیت #قابل_قبول قرار دارند.,"شبکه خبری خوزستان

ارتباط با ما👇
@havaaye
رزرو آگهی و تبلیغات👇
@khz_34",🔥 #هم_اکنون | تمامی ایستگاه‌های تشخیص آلودگی هوا اهواز در وضعیت #قابل_قبول قرار دارند. #اطلاع_رسانی_کنید ✅ اخبار  تعطیلی مدارس و‌ادارات و دانشگاه های خوزستان را دنبال کنید👇 https://t.me/khozkhabar https://t.me/khozkhabar,"1. موضوع: محیط زیست
2. اولویت: Low
3. اقدام: وضعیت آلودگی هوای اهواز در حال حاضر قابل قبول است.
4. محله: نامشخص
"
#اطلاعیه_فوری ♦️قابل توجه دانشجویان دانشگاه آزاد🔥امتحانات دانشگاه های آزاد سراسر کشور مجازی ش [...],"شبکه خبری خوزستان

ارتباط با ما👇
@havaaye
رزرو آگهی و تبلیغات👇
@khz_34",#اطلاعیه_فوری ♦️قابل توجه دانشجویان دانشگاه آزاد 🔥امتحانات دانشگاه های آزاد سراسر کشور مجازی شد 🔹️دانشگاه آزاد اسلامی، امتحانات رشته‌های غیرپزشکی نیمسال اول سال تحصیلی ۱۴۰۳-۱۴۰۲ از تاریخ ۱۶ دی ماه به صورت مجازی و در بستر وادانا برگزار خواهد شد #اطلاع_رسانی_کنید ✅ اخبار  تعطیلی مدارس و‌ادارات و دانشگاه های خوزستان را دنبال کنید👇 https://t.me/khozkhabar https://t.me/khozkhabar,"
1. موضوع: شهری
2. اولویت: Medium
3. اقدام: امتحانات دانشگاه آزاد اسلامی در سراسر کشور به صورت مجازی برگزار می‌شود.
4. محله: نامشخص"
[Photo] 🔺️ قیمت طلا و سکه#اطلاع_رسانی_کنید ✅ اخبار  تعطیلی مدارس و‌ادارات و دانشگاه های خوزس [...],"شبکه خبری خوزستان

ارتباط با ما👇
@havaaye
رزرو آگهی و تبلیغات👇
@khz_34",🔺️ قیمت طلا و سکه #اطلاع_رسانی_کنید ✅ اخبار  تعطیلی مدارس و‌ادارات و دانشگاه های خوزستان را دنبال کنید👇 https://t.me/khozkhabar https://t.me/khozkhabar,"
1. موضوع: متفرقه
2. اولویت: Low
3. اقدام: اطلاع‌رسانی درباره قیمت طلا و سکه و اخبار تعطیلی مدارس و ادارات خوزستان.
4. محله: نامشخص"